"customer_id","first_name","last_name","company","city","age","country","phone_no"
15365,"andrew","goodman","Stewart-Flynn","Rowlandberg",45,"Macao","8965485100"
15366,"alvin","lane"," Proctor and Lawrence","Bethside",72,"Papua New Guinea","8715852152"
18471,"Jenna","harding larry","Bailey Group","Moniquemouth",68,"China","6974798642"
15978,"Fernando","Ford","Moss-Maxwell","Leeborough",38,"Macao","6357254791"
20646,"Kara","Woods","Mccarthy-Kelley","Port Jacksonland",47,"Nepal","9015290037"
15113,"Marissa","Gamble","Cherry and Sons","Webertown",50,"Sudan","9145313601"
16037,"Julie","Cooley","Yu, Norman and Sharp","West Sandra",35,"Japan","6114058432"
15041,"Lauren","Villa","French, Travis and Hensley","New Yolanda",43,"Fiji","8159921197"
20982,"Emily","Bryant","Moon, Strickland and Combs","East Normanchester",77,"Seychelles","5914741859"
20186,"Marie","Estrada","May Inc","Welchton",25,"United Arab Emirates","6553171905"
17020,"Nichole","Cannon","Rios and Sons","West Devon",53,"Burundi","7152414539"
17574,"Bernard","Ritter","Bradford and Sons","West Francisco",26,"Palau","6205946468"
17918,"Darryl","Archer","Kerr-Cherry","Holtfurt",47,"Uganda","9629841004"
16930,"Ryan","Li","Hooper, Cross and Holt","Batesville",30,"Liechtenstein","6519227257"
20356,"Vicki","Nunez","Leonard, Galvan and Blackburn","Barbaraborough",45,"Haiti","6211373240"
20628,"Sean","Townsend","Preston-Sosa","Velasquezberg",47,"Iran","9091735026"
15777,"Sophia","Mathis","Richard-Velasquez","Toddhaven",29,"Switzerland","6755132720"
17068,"Helen","Potts","Rangel, Livingston and Patel","Douglasland",45,"Seychelles","7378801195"
19700,"Joann","Finley","Harvey PLC","Barrettshire",64,"Montserrat","8233582872"
16894,"Thomas","Walsh","Best-Thomas","Roblesport",66,"Kiribati","7803757029"
19003,"Cristina","Lam","Watts-Allison","West Jocelynfort",65,"Korea","5632979613"
16377,"Vicki","Heath","Cherry, Schultz and Ruiz","Port Cameronbury",39,"Bangladesh","9796674799"
16370,"Glenn","Wang","Warner-Hodge","West Rachael",42,"Gabon","7033482134"
16534,"Darius","Benitez","Giles LLC","Mejiashire",23,"Jersey","9515080880"
16563,"Xavier","Cruz","Wiley Ltd","Mindyborough",66,"Latvia","5859000095"
19616,"Douglas","Galloway","Duffy Inc","Eileenbury",40,"Mongolia","9686483841"
18856,"Phyllis","Becker","Oneal and Sons","East Andre",53,"Bouvet Island","9695356745"
18220,"Ebony","Murphy","Barry-Martinez","Atkinsfurt",55,"Vanuatu","6495112989"
19073,"Tyler","Stevenson","Burns and Sons","North Joannashire",46,"Sri Lanka","7085073908"
19020,"Cesar","Bernard","Potter-Ho","Mccormickville",36,"Iraq","7812318269"
20048,"Darrell","Santos","Boone-Dawson","Lake Dwayne",68,"Liechtenstein","6507833770"
17076,"Amanda","Santiago","Roberts-Heath","Benjaminchester",75,"United Arab Emirates","6632126456"
16906,"Marcus","Mcdonald","Hays-Howell","East Brad",64,"Azerbaijan","8217469480"
19604,"Lauren","Montes","Cohen-Copeland","Tonyville",56,"Armenia","7887371136"
19881,"Brent","Hinton","Petersen, Blackburn and Meyers","Tommyland",53,"Mexico","9703835185"
16430,"Jill","Mayo","Woodard, Haas and Mason","Port Carlside",32,"Cuba","5716719487"
18721,"Herbert","Byrd","Sheppard-Dougherty","Kimmouth",55,"South Georgia ","8014776341"
15377,"Don","Krueger","Cortez, Hester and Villegas","Melendezland",39,"Guinea","6565638243"
16056,"Cheryl","Gonzales","Walton-Drake","Pittmanmouth",49,"Kenya","5654715172"
17869,"Rickey","Mays","Escobar, Carrillo and Sloan","Hollandshire",68,"United States of America","9692205703"
19128,"Cassidy","Dillon","Coleman LLC","New Ebony",63,"Liechtenstein","6408368324"
17511,"Christina","Bautista","Lane Ltd","Lake Don",26,"Turks and Caicos Islands","9721117441"
18549,"Alexandra","Castro","Wall, Clay and Mcintosh","South Lynnton",25,"Swaziland","9070812478"
16027,"Krystal","Mendoza","Logan, Boyle and Villegas","West Henry",63,"Panama","6189175139"
19790,"Ivan","Schroeder","Peck, Nicholson and Knox","Port Grace",65,"Saint Pierre and Miquelon","7228453623"
20294,"Stephanie","Bradshaw","Tanner LLC","East Paulaville",60,"American Samoa","8245880083"
17934,"Levi","Grimes","Carpenter, Chang and Bass","Frederickfurt",75,"Heard Island","7642129468"
20435,"Peter","Sosa","Hensley and Sons","Donaldton",77,"Sao Tome ","7950293302"
16646,"Valerie","Haney","Delgado, Rubio and Rose","Harryview",35,"Cuba","7999131309"
20111,"Tom","Gardner","Werner-Bean","New Samuel",47,"Barbados","9937914022"
17343,"Randall","Galloway","Brady Inc","Brightburgh",44,"Isle of Man","5738212036"
20429,"Perry","Whitaker","Odom LLC","North Jocelynberg",63,"Western Sahara","5969950471"
17576,"Gloria","Mosley","Calderon Ltd","East Reneefurt",30,"Fiji","6984140096"
19097,"Cameron","Little","Howell Group","North Angel",24,"Netherlands","7687563067"
20622,"Glen","Gonzalez","Zamora-Ellis","Lake Isabelberg",67,"Sudan","6349995829"
15731,"Melvin","Day","Alvarez, Gaines and Sweeney","Jackbury",38,"Reunion","7342353369"
17750,"Kent","Salinas","Shelton, Robinson and Smith","Nicolasfurt",68,"Guatemala","8673553326"
20332,"Stacey","Martinez","Rasmussen, Bauer and Lyons","Mauriceview",36,"Uzbekistan","7859444364"
15280,"Jennifer","Fleming","Schaefer-Chambers","Shepherdfort",29,"Barbados","9997003022"
18411,"Teresa","Oconnell","Mayo, Buchanan and Owen","Lake Douglas",55,"Turkmenistan","8504469141"
20775,"Bruce","Bass","Day, Wiley and Mclaughlin","Juarezbury",24,"China","9751743465"
18236,"Sarah","Sweeney","Madden-Ho","Mejiamouth",23,"Equatorial Guinea","6105561256"
19793,"Eddie","Salinas","Howard Group","North Frederick",77,"Cook Islands","5797256833"
18338,"Trevor","Rowland","Ritter, Fox and English","Deanchester",54,"Nigeria","9207139126"
15783,"Marcus","Chang","Maynard, Lambert and Blake","North Monica",69,"Western Sahara","9356867192"
20808,"Sabrina","Roberts","Stewart-Diaz","Port Pennyton",34,"Bhutan","7657430505"
16471,"Norman","French","Becker-Mata","South Emma",45,"Marshall Islands","8847081290"
15903,"Lonnie","Novak","Hayden Inc","East Malloryville",58,"French Guiana","7028976213"
15469,"Casey","Bauer","Houston-Woodard","New Brettfurt",76,"Reunion","9309608600"
20150,"David","Goodman","Macdonald, Byrd and Williams","Juliantown",31,"Nigeria","9185642969"
20552,"Garrett","Rosario","Becker-Terrell","Marissaland",76,"Philippines","7393051437"
16152,"Colin","Vaughan","Mooney, Reed and Ingram","New Shelleyfort",27,"United States Virgin Islands","9842186704"
17308,"Maxwell","Griffin","Mcdowell-Adkins","North Kentland",73,"Turkmenistan","8429303986"
15484,"Diamond","Barnett","Walker, Andersen and Reeves","New Patriciamouth",37,"Trinidad and Tobago","7852752434"
16220,"Kellie","Munoz","Flynn-Chapman","New Samantha",67,"Greenland","7671527424"
15079,"Sandy","Finley","Shah-Hanna","Glasshaven",43,"Kiribati","8974950045"
17047,"Katelyn","Petersen","Solis-Hardin","South Patricia",69,"Saint Vincent ","9149862338"
15250,"Neil","Murray","Washington-Ramirez","East Stephanie",61,"Afghanistan","8549441460"
19410,"Carlos","Wilcox","Vega, Yoder and Ayala","East Katelynmouth",43,"Slovenia","7596075957"
17637,"Adrienne","Lamb","Henderson, Vega and Jensen","South Karl",42,"Gambia","7247996928"
20927,"Traci","Levy","Simon, Flores and Carr","New Erica",45,"Kiribati","7768413856"
15782,"Tammy","Harmon","Kidd-Stone","Chaneychester",41,"Yemen","5972966600"
18541,"Nicholas","Arias","Yoder-Bowen","Lake Gavinburgh",53,"Holy See ","8834163593"
20735,"Sydney","Solis","Wu, Strong and Flynn","Welchburgh",72,"Suriname","7577936778"
19785,"Jody","Beltran","Buchanan-Barton","Kristihaven",28,"Heard Island ","7940420411"
20404,"Autumn","Choi","Bates LLC","Port Scott",54,"Uganda","8941717753"
18490,"Chelsey","Boyer","Goodman, Carrillo and Stein","Selenaville",37,"Morocco","9843515289"
15344,"Trevor","Key","Escobar, Adams and Huber","New Ryan",64,"Palestinian Territory","9862957098"
18039,"Bridget","Molina","Greene-Mays","East Brookebury",22,"Chad","5754235507"
19503,"Calvin","Rocha","Werner-Key","Wayneborough",21,"Cameroon","5782267538"
16935,"Austin","Matthews","Sandoval, Parker and Mcdowell","Aimeeville",33,"Macedonia","6944243431"
15193,"Molly","Murphy","Mercado PLC","Ericamouth",39,"British Virgin Islands","7302354641"
18502,"Jeremy","Haynes","Cruz, Roach and Lynch","Breannaton",63,"Central African Republic","9327587348"
16833,"Don","Henry","Giles, Kerr and Stafford","Marcusburgh",71,"China","7646458385"
15796,"Dakota","Bowman","Gomez-Tapia","West Barbarafurt",38,"China","8819484834"
20326,"Manuel","Maynard","Ellison, Berger and Osborn","Lake Calvin",48,"Niger","8560987316"
20768,"Howard","Simmons","Winters-Cohen","Mitchellmouth",65,"Romania","9441712550"
18225,"Jeffery","Wall","Santos-Barnett","Jonathonhaven",48,"Cambodia","8277580721"
18392,"Colleen","Estes","Garrett, Sharp and Kaufman","Lake Alisonside",27,"Greece","8639136553"
18671,"Bianca","Henry","Harrell-Johns","Garrettstad",41,"Albania","7803649962"
16206,"Michelle","Good","Randall, Harding and Powers","New Johnnychester",24,"Korea","8086709657"
20620,"Eileen","Skinner","Yang Ltd","New Kristophershire",42,"Mexico","9592141372"
18246,"Kyle","Richmond","Hart Group","New Arielfurt",54,"Dominican Republic","8516397062"
17609,"Omar","Davies","Rich, Oneill and Daniels","Dicksonburgh",75,"Guinea","8080895604"
18863,"Chelsea","Giles","Curtis Inc","Evanfort",32,"Kuwait","8780082115"
17400,"Pam","Crane","Patton-English","East Taylorborough",56,"Cameroon","9127808209"
16999,"Sandy","Kaufman","Gillespie-Kemp","East Taylorville",64,"Antigua and Barbuda","6493935657"
16875,"Madison","Clark","Atkinson, Benitez and Tapia","Cristianmouth",32,"Nigeria","6288602799"
17143,"Leah","Coffey","Rasmussen-Frederick","Lake Darrell",77,"Slovenia","7534774637"
17077,"Julie","Montgomery","Brady, Le and Sherman","New Mathew",49,"Northern Mariana Islands","6952146202"
20860,"Darrell","Small","Nicholson LLC","Lake Warrenmouth",57,"Reunion","7406731242"
15762,"Andrew","Bolton","Sutton-David","East Nathanmouth",66,"United Arab Emirates","7434798695"
17632,"Jaime","Hayden","Higgins Ltd","Mullenmouth",53,"Iran","9826189260"
15382,"Logan","Carney","Jensen-Crawford","Omarport",54,"Gibraltar","9805070991"
19024,"Pedro","Franco","Acevedo, Blanchard and Deleon","West Sharonville",25,"Oman","7905625155"
17783,"Daryl","Meza","Roberts-Curry","West Jennifer",27,"Hungary","8979657225"
19166,"Haley","Levine","Bowers-Nichols","Jacobfort",78,"Tuvalu","9049100713"
19492,"Caitlyn","Vazquez","Burnett, Carter and Shah","New Bruce",26,"Maldives","6895706641"
18270,"Keith","Combs","Bryant, Blankenship and Orozco","North Pattystad",57,"Vietnam","6245731005"
19336,"Hayden","Cline","Garrison, Kelley and Choi","Julianberg",46,"Ireland","9737280160"
18048,"Jeanette","Sanford","Sutton, Doyle and Velez","Wadeborough",68,"Dominica","8252457353"
18901,"Brandon","Richmond","Gould Ltd","Beardfort",48,"Pakistan","6064650776"
18410,"Latasha","Miller","Romero Group","East Glenfort",39,"Aruba","5686093825"
15091,"Shaun","Luna","Sparks, Garcia and Maxwell","West Emma",38,"Uganda","7117687115"
17148,"Allen","Mayer","Giles-Mooney","West Terrenceburgh",65,"Comoros","8032028835"
19338,"Yvonne","Jordan","Oneal, Barker and Kaufman","South Caseyside",27,"Timor-Leste","9470974760"
17831,"Joanne","Miranda","Perkins LLC","Aguilarchester",65,"Niue","9370278696"
17286,"Jaclyn","Rice","Madden-Lewis","New Saraberg",39,"Spain","7573229235"
15576,"Glen","Conway","Bullock, West and Becker","Corystad",77,"Nigeria","7124766405"
15513,"Stacey","Travis","Medina-Castro","Dudleyfurt",77,"Ethiopia","6365221802"
19817,"Courtney","Hughes","Benitez LLC","Knoxfurt",42,"Marshall Islands","9452281081"
15879,"Raven","Nelson","Suarez, Hull and Key","East Kristenfort",78,"Luxembourg","8117620647"
17771,"Kyle","Odonnell","Andrews-Harmon","Wallacemouth",62,"Gabon","6716509517"
15520,"Sherry","Ponce","Petty Ltd","Holdenfurt",39,"Isle of Man","6577638667"
18601,"Kirk","Villa","Norris, Bailey and Campbell","Ericaside",28,"Myanmar","5760320878"
19862,"Luke","Lucas","Snow-Avila","Pagebury",43,"Belgium","9167113810"
19825,"Lynn","Tran","Ware LLC","Latoyaside",26,"Tunisia","8111447951"
18228,"Brian","Beasley","Chaney-Porter","North Daryl",23,"Burkina Faso","7062408656"
16194,"Christopher","Savage","Armstrong-Contreras","Port Isabellachester",68,"Iran","8896219230"
19393,"Dominique","Mckinney","Sharp, Fleming and Gregory","Port Erin",59,"Kazakhstan","6202868503"
20325,"Dwayne","Crane","Mcdaniel and Sons","North Jessicaview",23,"Montenegro","6033803430"
17639,"Autumn","Cuevas","Hahn Ltd","Mccoyfort",27,"Burundi","8043733987"
20033,"Gregory","Collins","Fleming Inc","Port Grantton",38,"Micronesia","8408290257"
19977,"Isaac","Schmidt","Clements-Ayala","West Jasminfort",77,"Ukraine","8991086221"
16247,"Bradley","Rangel","Castillo and Sons","Lake Bianca",77,"Montserrat","5917646187"
15748,"Paige","Page","Mullins, James and Herman","Kaufmanfurt",29,"French Guiana","7763091042"
15403,"Gwendolyn","Bradshaw","Gay, Bush and Goodman","East Jonathan",49,"Mali","9283294883"
18884,"Belinda","Ferguson","Lewis, Bowman and Craig","Moralesport",59,"Lao People's Democratic Republic","9185282106"
16051,"Ivan","Hines","Aguilar Ltd","Lake Samantha",29,"Qatar","6663176965"
16190,"Brett","Lin","Mccoy, Larsen and Stevens","Nortonmouth",32,"Saint Helena","7366754979"
20500,"Katherine","Williams","Kelly PLC","Juarezville",58,"Armenia","7871283588"
15757,"Andre","Burgess","Zhang-Stevenson","Mooremouth",24,"Moldova","8848993679"
20759,"Laura","Decker","Levy, Moyer and Fernandez","West Pamela",69,"South Georgia ","6094361917"
19430,"Tommy","Herman","Espinoza-Tyler","North Robert",50,"United States ","5638328228"
17706,"Amber","Lyons","Ward-Mcintosh","South Kaitlyn",45,"Zambia","7985560717"
17700,"Shelia","Yang","Coffey, Watson and Wilkins","Lake Edwintown",70,"American Samoa","6396928659"
16422,"Russell","Martin","Duffy-Zuniga","East Megan",67,"Angola","5970060858"
19176,"Yvette","Willis","Hamilton, Solis and Salazar","South Tamarafort",53,"Kuwait","8368007451"
19552,"Don","Ho","Stark-Glover","Riosport",40,"Uganda","8353218438"
15118,"Ellen","Torres","Cook PLC","New Chelsey",63,"Kuwait","9972716226"
16096,"Hayley","Morse","Henry, Mcdonald and Austin","Lorrainefort",26,"Iraq","8446461329"
19047,"Ellen","Kerr","Duncan LLC","Port Jocelyn",36,"Micronesia","8262391743"
20857,"Martha","Cruz","Copeland-Freeman","New Kaylashire",33,"Bolivia","8628626551"
16087,"Douglas","Carson","Ferguson Ltd","Branchview",33,"Israel","7970930127"
15040,"Toni","Cline","Robles-Davies","Ortegaside",48,"Ecuador","9264924527"
17176,"Robyn","Berger","Suarez Group","South Karen",61,"Lesotho","8475851839"
15082,"Calvin","Roach","Wilkins, Goodman and Cummings","North Melvin",61,"Wallis and Futuna","7517289904"
15726,"Angel","Park","Barry, Thomas and Oconnor","South Marciafurt",49,"Morocco","9454290791"
18882,"Bradley","Delacruz","Mathis-Rocha","Ortegaland",55,"Cote d'Ivoire","8370259620"
17642,"Donald","Cross","Donovan, Key and Leblanc","Bruceville",54,"Saint Helena","7980118897"
17691,"Jeremiah","Guerrero","Cole, Franco and Alvarez","New Erikville",50,"French Polynesia","8549168972"
16919,"Perry","Trujillo","Yoder, Watkins and Singh","Lake Joyton",67,"Panama","6567512628"
19959,"Brent","Beasley","Mendoza Group","South Kimberly",26,"Antigua and Barbuda","6533968960"
17974,"Ariana","Velasquez","Stokes-Haney","South Codyfurt",44,"Ireland","6639293128"
18775,"Don","Vincent","Norton-Watkins","Sanfordmouth",58,"Luxembourg","7434662931"
19179,"Bradley","Blair","Mullins, Huber and Dillon","Franciscochester",70,"Montenegro","6516908314"
20459,"Henry","Conway","Clarke, Fleming and Porter","Fordton",67,"Saint Kitts and Nevis","5826594071"
18265,"Norman","Waters","Welch-Romero","West Stacey",63,"Rwanda","7165676426"
19850,"Breanna","Miranda","Mejia Group","Colinberg",35,"India","9093849436"
19880,"Seth","Osborne","Rollins-Carson","East Kaylee",69,"Holy See ","5952765186"
20010,"Lydia","Ponce","Fitzgerald Inc","New Eduardo",60,"Mongolia","8830396332"
16308,"Sherri","Bradshaw","Ramos, Suarez and Jacobs","Dariusview",72,"Kuwait","9685071921"
16673,"Alejandra","Lowe","Benjamin Group","East Petermouth",27,"Western Sahara","6783121576"
19307,"Raymond","Bernard","Odom-Hull","Lake Karlaburgh",66,"Burkina Faso","9626584032"
15852,"Patricia","Moss","Acevedo-Rasmussen","North Stacey",28,"Belarus","7997959473"
19064,"Hector","Meyers","Hanna-Ortiz","New Mario",42,"Tanzania","5875920340"
18986,"Pedro","Zhang","Conway-Stewart","Jacobmouth",24,"Kazakhstan","7508863850"
15362,"Marco","Donaldson","Wagner and Sons","West Aprilberg",59,"Canada","9755531827"
15492,"Shannon","Yoder","Whitney Ltd","Jofort",32,"Nepal","9902542326"
15857,"Brian","Downs","Ramirez-Thompson","New Anitafurt",28,"Kazakhstan","9468827944"
17708,"Dillon","Cooley","Luna and Sons","Port Micheleville",73,"Ireland","6647725685"
19842,"Joyce","Chaney","Stanton, Lane and Schmitt","North Francis",24,"Luxembourg","8928724148"
19762,"Angelica","Schaefer","Jackson, Gibbs and Parker","Lake Sydney",77,"Sudan","7913710434"
17156,"Marcia","Horton","Carter, Ford and Matthews","West Kendra",77,"Kiribati","9751927040"
19194,"Sydney","Barr","Weiss LLC","East Courtneyview",40,"Micronesia","6655849599"
16492,"Jay","Hodge","Wolf Ltd","South Rebekah",74,"Guernsey","9940970339"
17162,"Angela","Jackson","Reynolds, Patel and Rush","Reynoldsborough",61,"Congo","6672170651"
19784,"Bethany","Barrera","Swanson, Figueroa and Heath","Vickietown",29,"South Georgia ","9383891246"
16701,"Cindy","Valenzuela","Rojas LLC","Maychester",30,"Chile","8070083249"
16053,"Christine","Camacho","Pace and Sons","South Daveville",41,"Yemen","9253389243"
18486,"Tyrone","Hendrix","Small, Osborne and Rojas","East Wayne",60,"Vanuatu","8667163740"
17985,"Roy","Gould","Beasley Ltd","Jackberg",28,"Montserrat","9202431843"
20910,"Matthew","Mann","Benton, Flowers and Snow","Aguirrebury",70,"Papua New Guinea","5992546553"
20302,"Taylor","Torres","Gamble, Cooke and Lewis","Port Roberto",58,"British Virgin Islands","6325013120"
15005,"Hannah","Waller","Glenn and Sons","Fritzbury",37,"Turkmenistan","7487892795"
17199,"Randy","Cannon","Le PLC","South Nancy",29,"French Southern Territories","8012320270"
15098,"Adrienne","Hunter","Escobar-Cannon","Lake Glennside",77,"Kazakhstan","9459557994"
15013,"Raven","Weaver","Bray PLC","Adamsfurt",49,"Gibraltar","7322264759"
19018,"Isaac","Murillo","Conrad Inc","Port Ryan",28,"Romania","9070204798"
19775,"Kelly","Branch","Barton Group","Port Beckymouth",47,"Montserrat","9453417352"
20113,"Chelsey","Larson","Walls Inc","New Yolanda",31,"South Africa","7082223429"
19067,"Rick","Marquez","Woods-Warner","New Taylorburgh",61,"Bahrain","5738017800"
19505,"Tricia","Mckee","Macdonald Ltd","Port Kimberly",78,"Turkmenistan","6817865740"
15614,"Rebecca","Blake","Young-Sawyer","East Casey",26,"Somalia","6678978795"
15099,"Dan","Mcmillan","Wise-Mckay","South Jeremy",66,"Uzbekistan","7224328399"
17834,"Sabrina","Hill","Park-Kaufman","Daveborough",41,"Ireland","7198081237"
18526,"Victoria","Walter","Kline, Cobb and Gregory","Francisside",48,"Malaysia","7581263895"
19508,"Jorge","Hendrix","Delacruz, James and Calhoun","Jerrychester",25,"South Africa","9805267469"
20195,"Jodi","Fox","Walton, Davenport and Charles","Wallacestad",72,"Eritrea","6452938587"
19246,"Sara","Vargas","Maynard LLC","Patelhaven",50,"Senegal","6664218172"
19877,"Cynthia","Johns","Burns-Jimenez","South Shelley",28,"Egypt","7596438582"
15886,"Jordan","Hanna","Nguyen, Ruiz and Finley","Santosport",49,"Heard Island ","7843485654"
19827,"Maurice","Ramsey","Everett, Humphrey and Zhang","Lake Dillonfort",28,"Antarctica ","7369768710"
16787,"Catherine","Nicholson","Mckee PLC","North Tracey",23,"Netherlands","6679877060"
17926,"Sean","Todd","Rice-Wilkins","New Reginahaven",31,"Bangladesh","6581542004"
20323,"Lacey","Bond","Dougherty-Day","Grantshire",47,"Bangladesh","9445341188"
19672,"Katelyn","Wise","Daugherty, Cooley and Joseph","New Alexa",41,"Switzerland","8568160103"
17184,"Christine","Bowers","Davenport-Neal","Jacobmouth",24,"Jamaica","9022910184"
18002,"Adam","Levy","Conrad Group","Bushview",49,"Nepal","7378405137"
19688,"Hayley","Ellison","Tyler Inc","South Howard",21,"Lao People's Democratic Republic","7650341467"
18487,"Vernon","Warner","Monroe-Mccoy","Zoefurt",53,"Japan","6948241170"
15450,"Fernando","Townsend","Wyatt-Henry","Lake Joshuastad",78,"Turkey","5601532183"
19494,"Walter","Parsons","Owen-Warren","East Alyssa",38,"Mauritania","6751451969"
15123,"Brady","Hill","Hull, Knight and Kerr","Montoyaberg",74,"Saint Kitts and Nevis","8236230119"
20211,"Loretta","Rice","Jimenez-Medina","Port Danburgh",66,"Moldova","9583726281"
15074,"Hannah","Beck","Gay, Ward and Villegas","Port Carlos",54,"Mauritania","5896673605"
18028,"Jocelyn","Stephens","Macias-Burns","Kelleyview",74,"Algeria","7311458017"
18004,"Benjamin","Chan","Huerta, Potts and Crosby","East Emma",75,"Finland","9067855769"
17606,"Caroline","Clarke","Reed-Tucker","North Sydney",65,"San Marino","9443551745"
18286,"Cameron","Forbes","Cervantes-Hendrix","Rhodesside",78,"Rwanda","6972335573"
17445,"Wyatt","Mclean","Flowers, Kline and Bass","Spencerchester",42,"Dominican Republic","6309617882"
19355,"Kendra","Waters","Gates Inc","Warnerport",41,"Nicaragua","5876183621"
18570,"Tom","Bradley","Stone Ltd","Lonnieburgh",39,"Trinidad and Tobago","8694026773"
19257,"Adrian","Frazier","Franco Group","Seanport",61,"Ecuador","8303727280"
17394,"Beverly","Kirby","Ruiz, Chase and Villa","Elijahchester",66,"Bangladesh","6542973998"
20267,"Priscilla","Stuart","Peck-Werner","East Max",49,"Liechtenstein","7099241654"
17874,"Roberto","Hogan","Massey-Hoffman","East Javierfort",75,"Aruba","9058770480"
18241,"Victor","Rogers","Walls-Randall","Gabriellafort",35,"Kiribati","5880280940"
15213,"Alisha","Gallegos","Montoya-Mccarthy","Lake Christianton",53,"Singapore","9033391155"
16947,"Stefanie","Fuller","Keith-Wyatt","Mcleanshire",72,"Ukraine","5846926045"
18320,"Jackson","Grimes","Chan-Mcknight","Gayfurt",26,"Kuwait","9717570246"
18567,"Miranda","Robles","Maynard-Ramos","Lake Kevin",55,"Andorra","7884876000"
19245,"Gilbert","Bowers","Russell, Ashley and French","Wyattborough",50,"Bahamas","5973371504"
15232,"Jon","Gay","Frey, Howard and Burns","Lake Mike",62,"Kenya","9266184498"
18880,"Julia","Davila","Montoya Group","Port Caleb",48,"Aruba","7373646828"
20514,"Aaron","Potts","Berg-Cannon","Kathrynville",41,"Bulgaria","5633719391"
17716,"Rachael","Jimenez","Burnett, Vang and Delgado","Alextown",73,"Bermuda","6104687583"
18977,"Lucas","Macdonald","Navarro-Patterson","West Baileystad",21,"Benin","5953943599"
18497,"Kristopher","Sanders","Lamb-Oconnell","North Judyville",62,"Comoros","6195572962"
18065,"Alexandria","Hutchinson","Fry Ltd","East Jake",38,"Azerbaijan","7549313833"
17173,"Natasha","Schmitt","Russo PLC","New Tammy",50,"Iceland","9390931155"
17121,"Jose","Acosta","Schmitt, Wyatt and Rice","East Gailhaven",46,"Saint Lucia","9123429065"
16067,"Cassidy","Dominguez","Dixon-Winters","South Annetteville",53,"Bouvet Island ","5634864679"
15745,"Debbie","Savage","Carey Inc","Port Franklin",25,"Cape Verde","9314619532"
19946,"Felicia","Burnett","Ortega and Sons","Lake Joyce",27,"Saint Helena","7147251437"
20800,"Hayley","Gutierrez","Bridges-Keller","Alexandriamouth",59,"Turkey","9778843104"
19444,"Melinda","Parrish","Carpenter PLC","East Wendy",59,"Cook Islands","7385473296"
18425,"Jeremy","Keith","Petersen, Rivas and Mayo","Bethanystad",56,"Morocco","8697766609"
18356,"James","Washington","Fuentes, Park and Poole","East Darin",72,"Tokelau","8967539471"
18117,"Karen","Leblanc","Farley Inc","Deanberg",42,"Denmark","7605208784"
15350,"Ivan","Malone","Coffey Ltd","South Soniabury",51,"Moldova","9271833181"
16756,"Jesus","Cox","Rush-Melton","Deniseburgh",75,"Tokelau","8198622946"
19422,"Michelle","Lowery","Warren, Randall and Durham","Parksfurt",42,"Australia","9357949070"
17636,"Paul","Meyers","Pham, Cabrera and Long","Port Mercedesberg",54,"Panama","7988384551"
20624,"Eileen","Graves","Maxwell-Murillo","Antonioside",34,"Saint Pierre and Miquelon","7874542945"
19719,"Christian","Jennings","Lawrence, Mooney and Washington","West Kathryn",53,"Iceland","8864891151"
20931,"Don","Hendrix","Blevins, David and Henderson","Wallaceville",69,"Belgium","6011687200"
18898,"Dominique","Summers","Estes, Durham and Burgess","Rickyside",38,"Maldives","8778336009"
16651,"Wayne","Anderson","Manning-Pruitt","Haroldhaven",63,"Samoa","6165462632"
17409,"Chloe","Franklin","Mclean, Robles and Orr","South Craig",78,"Comoros","7181244257"
20903,"Carolyn","Hendrix","Jimenez Inc","West Ricky",53,"Anguilla","9240606341"
19301,"Isaiah","Buckley","Davies-Hardy","Youngfurt",27,"China","8162632548"
17913,"Gina","Townsend","Jacobs Inc","Tommyshire",73,"Solomon Islands","5754212793"
15862,"Stefanie","Grant","Rojas, Gamble and Jensen","New Derrick",54,"Burkina Faso","9182867907"
20821,"Cole","Combs","Rocha-Dawson","Port Gregoryfurt",51,"Guinea-Bissau","7677092126"
19334,"Suzanne","Pope","Haley-Coleman","East Renee",41,"Slovenia","9383955061"
17682,"Gabriel","Green","Branch-Barry","Toddside",54,"Central African Republic","7432305142"
15625,"Jeanne","Atkinson","Swanson, Landry and Jackson","Alexfort",68,"Guadeloupe","8864118947"
19761,"Lindsay","Ferguson","Randall-Franco","North Karihaven",76,"Montserrat","8115896537"
18527,"Ronald","Byrd","Ramos, Hoover and Saunders","West Dan",39,"Tonga","6248567642"
20612,"Marco","Holden","Fleming, Parrish and Andersen","Port Beth",35,"Palau","8619411026"
20975,"Isabel","English","Leblanc PLC","Anthonyport",60,"Monaco","6827487137"
15462,"Nichole","Green","Chambers LLC","New Thomasbury",28,"Tokelau","6031316902"
17180,"Joann","Gonzales","Bray, May and Riggs","North Tracieview",65,"Eritrea","8636008366"
18542,"Francis","Miller","Harrell-Pacheco","Lake Yvetteberg",28,"Dominica","7342054138"
18230,"Stuart","Valdez","Dickson, Wilcox and Hatfield","East Glenn",73,"Bhutan","7070437641"
15485,"Tricia","Berg","Le-Banks","Port Gavin",53,"Iceland","9284247634"
15376,"Roger","Bauer","Braun-Morton","South Herbertmouth",52,"Kyrgyz Republic","8678289224"
15296,"Tanner","Hernandez","Mooney Inc","Adamston",35,"Bouvet Island ","9901322498"
19204,"Ellen","Cisneros","Larsen Ltd","Popeland",55,"Belize","5983496501"
20300,"Latasha","Hancock","Massey-Myers","West Leroyview",59,"Bangladesh","8218483187"
20405,"Jenna","Lamb","Mosley LLC","Toddborough",39,"Ecuador","8749756932"
16297,"Francis","Ball","Schaefer, Bowers and Li","Port Michaelafort",70,"Equatorial Guinea","6928399459"
17451,"Jade","Archer","Fischer, Vang and Skinner","Berrymouth",48,"Romania","6389299690"
15127,"Zachary","Parker","Ewing and Sons","Port Glennborough",59,"Burkina Faso","9213451806"
19516,"Karen","Kent","Dickerson Inc","Hofurt",27,"Luxembourg","6235224282"
18202,"Joshua","Dalton","Cross PLC","Lake Troyville",46,"Nepal","6876783565"
18765,"Kiara","Ashley","Watson-Delgado","Francohaven",30,"Nigeria","6223866716"
16119,"Doris","Greene","Jacobs, Velazquez and Estrada","Lake Omar",40,"Libyan Arab Jamahiriya","9042172744"
16011,"Helen","Kaiser","Petty-Joseph","New Katrinaview",58,"Heard Island and McDonald Islands","8052516711"
15711,"Ariel","Francis","Flores, Peters and Leon","Meyerfurt",75,"Switzerland","8392460939"
18307,"Heidi","Singleton","Glenn, Peck and Ashley","East Alberthaven",43,"France","7273313682"
17332,"Guy","Keller","Callahan-Walters","Lake Morgan",69,"San Marino","9233821333"
19385,"Meghan","Moses","Henry LLC","Bernardmouth",29,"Holy See ","9529764157"
15083,"Jodi","Moran","Ashley-Johns","North Lacey",78,"Solomon Islands","7361812751"
15320,"Heather","York","Morrison Ltd","Alexville",43,"Senegal","6522271771"
17004,"Gail","Salazar","Barnett Group","North Isaacport",26,"Saudi Arabia","7195372914"
20783,"Tammy","Cantu","Estes-Evans","North Chelseyland",59,"Senegal","6353015147"
15103,"Olivia","Mcgrath","Duran PLC","East Chelseyfurt",45,"Vietnam","8864992165"
20934,"Michele","Case","Mathis-Young","South Roberta",34,"Equatorial Guinea","6563940693"
15742,"Matthew","Brock","Gregory, Harrison and Roman","Elizabethburgh",57,"Bhutan","9933795476"
18933,"Jenna","Henry","Clements-Roberts","Tommyshire",47,"Jamaica","8261330807"
19789,"Kristina","Hunter","Fry-Melendez","East Isaac",30,"Ecuador","5641051330"
17914,"Shirley","Bowman","Roman LLC","East Dianeport",72,"Reunion","5781523137"
17998,"Allison","Walter","Frost, Herring and Maxwell","Prestonchester",36,"Sierra Leone","6642441895"
15506,"Frances","Beltran","Hunt, Howard and Black","Lake Lindseyberg",36,"Swaziland","8228816308"
17386,"Bailey","Waters","Fox-Frey","South Gary",42,"Swaziland","8570462586"
15838,"Jeanne","Horn","Cisneros and Sons","Lake Billy",60,"New Caledonia","8389605298"
17729,"Jermaine","Hodges","Fields-Frederick","Lake Marilynhaven",49,"Cayman Islands","6135472555"
19311,"Jeremy","Clayton","Contreras, Hester and Baird","North Renee",38,"Lithuania","9127952571"
16960,"Tracey","Hardy","Valentine-Murillo","Blanchardfurt",35,"Libyan Arab Jamahiriya","7787524209"
15772,"Leslie","Mcmahon","Adkins and Sons","East Dominique",28,"Brazil","7680459057"
15136,"Peter","Moore","Costa and Sons","West Debrahaven",21,"Palau","6536428877"
15888,"Ian","Krueger","Cobb and Sons","West Melvin",37,"Puerto Rico","9664629511"
18362,"Crystal","Choi","Mendoza-Franklin","South Monica",23,"British Virgin Islands","7107287198"
16676,"Lydia","Peterson","Downs, Bentley and Gallagher","Port Christiemouth",36,"Singapore","9041251403"
19721,"Douglas","Waters","Lambert, Irwin and Jackson","Natalieton",43,"Czech Republic","5782340176"
16861,"Tonya","Bond","Gill-Herman","North Joshua",32,"Luxembourg","7678978094"
16255,"Caleb","Henson","Hahn Group","Andradeberg",21,"Bangladesh","9377840487"
20177,"Tristan","Lynch","Forbes-Collier","South Spencer",72,"Belarus","6274992509"
17970,"Tami","Mendoza","Calhoun Ltd","East Savannah",49,"Cape Verde","9603761039"
15971,"Leslie","Howe","Johnston PLC","New Cody",54,"Liechtenstein","6645882281"
16832,"Luke","Perez","Lozano LLC","Phillipchester",21,"Thailand","6033542231"
20856,"Gina","Rowe","Hebert Inc","Jocelynmouth",32,"Central African Republic","9893360763"
16659,"Darius","Riggs","Best Ltd","North Philip",62,"Moldova","7224513459"
16559,"Hailey","Hart","Lozano, Everett and Vargas","Chungbury",51,"Venezuela","5950750115"
20625,"Larry","Paul","Gilbert Inc","Lukeside",29,"Cayman Islands","7522423089"
19484,"Krystal","Woods","Stewart-Krueger","Crystalburgh",78,"Taiwan","8059452549"
17683,"Tabitha","Reilly","Kerr Inc","Taylorshire",21,"San Marino","9915616753"
15646,"Roberta","Quinn","Oneal Group","North Phillip",26,"Egypt","7918933796"
17056,"Reginald","Pitts","Perry Inc","Clarenceton",57,"Samoa","9175948934"
20368,"Jesus","Rogers","Shields PLC","Jarviston",58,"Afghanistan","6673819748"
19777,"Roberto","Roy","Gonzales, Cochran and Madden","South Dustin",66,"Lithuania","8132563556"
18839,"Jillian","Mccullough","Melton and Sons","New Gerald",60,"Martinique","6552233611"
15947,"Alan","Valenzuela","Avila-Melendez","Birdtown",57,"United States Minor ","8955262669"
18917,"Kristy","Dixon","Norris-Day","Ebonymouth",30,"Holy See","5754821219"
19561,"Henry","Holland","Eaton-Burnett","North Julian",28,"Gabon","9168896082"
19326,"Diana","Cox","Lin-Fowler","Tanyastad",58,"Macedonia","9312620018"
20840,"Sara","Middleton","Maxwell-Kennedy","East Ray",27,"Nicaragua","8720404132"
16965,"Jade","Jimenez","Mosley-Knox","Wolfeborough",38,"Dominica","8754829045"
20479,"Carmen","Mcclain","Curtis-Lyons","Harryfort",51,"Nauru","7277156523"
16725,"Wanda","Sanchez","Raymond, Contreras and Wall","Tuckerfurt",64,"Montenegro","9332714796"
16944,"Valerie","Wilcox","Dennis PLC","Coreychester",34,"Tuvalu","7819924193"
16616,"Chloe","Hurst","Jacobs and Sons","Duncanview",30,"Tajikistan","9503439016"
16501,"Virginia","Goodman","Salazar Ltd","Jameston",70,"Morocco","6887696887"
19788,"Erin","Woods","Dawson Group","South Brandonville",64,"Pakistan","6840015654"
19061,"Cassidy","Bruce","Castaneda Group","East Eugene",72,"Congo","7130770137"
17281,"Sally","Hinton","Glover-Mccoy","Guyside",54,"Montserrat","9890226343"
15317,"Jessica","Randolph","Cruz-Chandler","Holdenfort",28,"Qatar","9958701562"
20123,"Kelly","Hogan","Estrada PLC","Jaimeberg",68,"Saint Vincent ","6273184985"
15222,"Derek","Chung","Cooke, Downs and Hines","North Adriana",37,"Georgia","6837789936"
18941,"Shirley","York","Nolan-Hardy","Rodriguezbury",51,"Brunei Darussalam","6451670200"
15880,"Cody","Potts","Acosta, Robbins and Nash","Lunaville",31,"Panama","5749027008"
16116,"Erin","Gill","Mosley-Whitney","South Rachelchester",61,"Iran","8588477776"
15579,"Nicole","Vargas","Powell LLC","Alvaradoton",59,"Vietnam","8894077448"
17867,"Sharon","Mack","Vaughn, Kelly and Meza","Odonnellberg",45,"Saint Lucia","9660310539"
19134,"Monica","Lopez","Farrell, Mcclain and Kaiser","Latoyabury",35,"Maldives","8142174707"
15214,"April","Jones","Daniel, Rowland and Heath","Fryeville",33,"Cocos Islands","7076300754"
18105,"Johnny","Reeves","Holden-Camacho","Lynnborough",69,"Chad","6809504553"
20425,"Brandi","Owens","Bray-Nelson","Lake Jacobstad",47,"Dominican Republic","7259163889"
17065,"Max","Rasmussen","Graves, Hardin and Cummings","West Tammieport",63,"Liechtenstein","8860655058"
19145,"Christian","Moore","Cherry and Sons","South Anne",43,"Gambia","6416932028"
16922,"Tyrone","Holloway","Peters-Perez","Pachecoburgh",71,"Tonga","7595687385"
19838,"Victor","Ferguson","Lawrence and Sons","Turnerfort",28,"Comoros","6265513308"
17508,"Logan","Carroll","Chaney and Sons","Melissaville",33,"Swaziland","6404738985"
17696,"Alexis","Hawkins","Beck PLC","West Nathaniel",40,"Eritrea","5787315788"
17624,"Diane","Reid","Mendoza Inc","West Mikehaven",58,"Sweden","9847687860"
18683,"Dylan","Sweeney","Mccarthy-Leblanc","Goodmanborough",30,"Brunei Darussalam","6675161685"
17208,"Craig","Gonzales","Clayton-Sutton","Darinshire",23,"Falkland Islands","8980608466"
15143,"Jill","Cardenas","Williamson-Franco","West Kerrifort",38,"Brazil","8214532386"
18303,"Timothy","Chambers","Alexander-Farrell","Pammouth",63,"Afghanistan","7216320238"
17529,"Jaime","Terrell","Castaneda and Sons","Gilesburgh",78,"Czech Republic","8252131103"
18149,"Alejandro","Hancock","Cooley and Sons","Lake Trevorton",61,"Ghana","8501605565"
17898,"Gregg","Rodriguez","Roberts-Hernandez","Leonardberg",30,"Gambia","9451974053"
15686,"Deanna","Pacheco","Heath, Collins and Pierce","Georgeton",73,"Oman","6990231047"
19830,"Mariah","Barton","Molina-Miranda","Hebertchester",34,"French Southern Territories","7262380468"
17278,"Valerie","Branch","Atkins-Hodges","Port Jenna",46,"Gabon","5770229144"
19089,"Jonathan","Norman","Mays-Benjamin","Josephview",37,"Trinidad and Tobago","9821060878"
19264,"Samuel","Drake","Myers, Krueger and Sampson","South Tonya",63,"Nauru","9738273371"
20349,"Riley","Aguirre","Hicks PLC","East Sally",27,"Senegal","9024316765"
16426,"Jermaine","Baker","Ryan, Conner and Boyle","North Diamond",67,"Nicaragua","7338598106"
20470,"Holly","Hartman","Rivas, Payne and Arellano","Dianamouth",27,"Namibia","5657354630"
19994,"Haley","Frost","Benitez LLC","Watsonfort",48,"Ethiopia","8178206461"
15883,"Lindsay","Crane","Ramos-Howard","South Gabriela",59,"Faroe Islands","9764521062"
18489,"Adriana","Bartlett","Wheeler PLC","West Roystad",35,"Svalbard & Jan Mayen Islands","8195770802"
17613,"Bethany","Ruiz","Chambers, Castillo and Graves","South Andreachester",70,"Syrian Arab Republic","9340254908"
16956,"Gabriel","Weaver","Hutchinson, Hicks and Austin","Longton",55,"Morocco","9377591227"
16505,"Jimmy","Heath","Jenkins, Clarke and Faulkner","Coxburgh",74,"Rwanda","8959312982"
20200,"Craig","Powers","Trujillo, Hurst and Ortega","Grantmouth",35,"Netherlands Antilles","9678315209"
20458,"Colin","Howard","Glass-Shepard","Alexberg",55,"Australia","5947617055"
20694,"Edgar","Zhang","Francis Ltd","New Reginafort",42,"Yemen","9653813884"
18886,"Carolyn","Lucero","Rojas-Ross","Charlottestad",77,"Bosnia and Herzegovina","6660946245"
20588,"Tonya","Parsons","Meyer LLC","South Charleneport",45,"Rwanda","9772010224"
20933,"Marc","Small","Trevino-Bennett","Bennettmouth",29,"Colombia","6547613808"
20028,"Dakota","Elliott","Marks, Mora and Bender","South Charleneport",55,"Russian Federation","7770741788"
18759,"Hector","Barry","Hunt Group","Wumouth",35,"Gabon","6950204315"
19811,"Morgan","Wells","Mcmillan-Ramos","East Yvetteside",77,"Thailand","8962836451"
17894,"Maxwell","Glenn","Everett, Holmes and Sheppard","Miketown",23,"Niue","5948273103"
18430,"Melody","Young","Peck-Rivers","Port Harold",63,"Switzerland","7040773644"
20107,"Alejandro","Sutton","Byrd PLC","Lake Franklinland",67,"Colombia","8972913708"
16882,"Jermaine","Banks","Harvey LLC","Lake Martha",50,"South Georgia ","7178422579"
19130,"Terry","Woodward","Hicks Inc","Schultzbury",74,"Syrian Arab Republic","6788699076"
15855,"Tanner","Cherry","Mclaughlin-Lucas","Noahview",26,"Kyrgyz Republic","7002203944"
18299,"Troy","Elliott","Sosa LLC","South Robertbury",25,"Equatorial Guinea","7406260771"
16509,"Barry","Rubio","Brock and Sons","Dalemouth",46,"French Guiana","7274276082"
18767,"Samantha","Lutz","Mcdonald Inc","Lake Hayden",42,"Bahamas","9132418110"
18628,"Wendy","Trevino","Wells and Sons","Port Louis",29,"Saint Lucia","7306318086"
19745,"Greg","Mcneil","Mcclure-Thomas","Alfredhaven",31,"British Indian Ocean Territory ","9692772305"
17072,"Rita","Hutchinson","Galvan Inc","Arroyoland",78,"Liechtenstein","8733415836"
16627,"Rose","Robertson","Chambers, Bernard and Rivas","West Brandonfurt",64,"Svalbard & Jan Mayen Islands","9681545370"
16844,"Paige","Aguirre","Black-Pruitt","Russellland",58,"Benin","5799388910"
16738,"Xavier","Terry","Ray, Maxwell and Olson","North Ritachester",39,"Reunion","6597010955"
19333,"Michaela","Thornton","Riggs-Rodgers","West Victoria",22,"Norfolk Island","6104066606"
18659,"Kyle","Rojas","Hoffman, Brandt and Gay","West Tyrone",74,"Liberia","8495306411"
20674,"Devin","Baxter","Kirby, Lang and Galvan","Lake Xaviertown",38,"Jordan","9963113479"
15856,"Omar","Farmer","Fuentes, Mcguire and Mendoza","Tatemouth",76,"Lesotho","9555298623"
20829,"Desiree","Vang","Patel, Donovan and Branch","Wigginsbury",62,"Burkina Faso","7298658377"
17454,"Fernando","Wade","Chan-Good","Rosebury",32,"South Georgia ","9335827357"
20644,"Anne","Winters","Gay LLC","Lewisview",39,"Monaco","9213290332"
16929,"Glenn","Harrell","Vincent and Sons","Lake Douglas",78,"India","6416912772"
16761,"Tracey","Boyd","Mcmahon-Hale","South Victorhaven",55,"Niger","9205065829"
19042,"Catherine","Becker","Ware and Sons","Christyville",61,"Christmas Island","9810658731"
17329,"Sharon","Farrell","Collins-Kline","New Aliciaberg",51,"Gabon","7837404073"
17239,"Clinton","Schwartz","Horton Inc","Reedland",50,"Greece","6157609888"
19221,"Sheri","Perez","Velasquez, Haynes and Parks","East Krystalland",58,"United States Virgin Islands","6231736173"
15976,"Beth","White","Wiggins-Horne","East Hunterburgh",38,"Israel","5714612705"
20609,"Cole","Benitez","Daniel, Phillips and Garrett","Lake Amanda",38,"Estonia","8393847296"
20384,"Caleb","Chapman","Mullen-Burgess","Port Stanleyside",74,"Kiribati","8327711396"
16295,"Glen","Eaton","White, Harding and Gilbert","Rosefort",70,"Belize","8384537786"
20847,"Cristina","Hanna","Mcconnell-Mccarty","West Arianafurt",66,"Central African Republic","6317324735"
16000,"Kathy","Owens","Irwin Inc","Keithchester",71,"Brunei Darussalam","9750763337"
17309,"Rachael","Keith","Gentry, Hurley and Gomez","Shannonstad",56,"Togo","5972743488"
20533,"Marcus","Thompson","Prince-Hodges","New Gwendolyn",23,"Albania","5769648801"
18345,"Norman","Mclean","Crosby, Ayers and Burch","South Stephen",34,"Equatorial Guinea","8545356087"
15244,"Brandon","Cross","Delacruz, Hodge and Snow","North Leon",55,"Tuvalu","6346699519"
17999,"Autumn","Soto","Ho-Long","Lake Deanna",47,"Niger","6645888358"
16674,"Jaime","Cervantes","Garrison, Mccall and Bowman","North Kristinside",48,"Egypt","8147464751"
18370,"Reginald","Blankenship","Holmes, Warner and Barrett","North Carly",67,"Malawi","7805791216"
16401,"Chelsey","Mcknight","Morse Group","Fordborough",73,"Djibouti","6658154048"
20761,"Clayton","Lindsey","Gilmore Ltd","North Sean",34,"Greenland","6779192508"
16730,"Kurt","Prince","Humphrey-Cain","Ronnieberg",57,"United States of America","6510208895"
18751,"Joy","Choi","Montgomery Group","West Jermaineton",32,"Dominica","9194646934"
20216,"Jeremiah","May","Larson LLC","Gabrielleland",37,"Macao","7440027300"
20448,"Candice","Huang","Barrera, Conway and Holland","New Joanneberg",31,"Guinea","9721498670"
18504,"Alejandra","Tran","Blackburn, Hampton and Conway","Karatown",73,"French Guiana","6870151170"
18480,"Shaun","Richardson","Cunningham, Grimes and Cameron","Rachelview",49,"Armenia","8469164341"
18816,"Darryl","Russo","Copeland and Sons","Scottstad",73,"Nicaragua","8249458404"
19697,"Joe","Cabrera","Wilkinson LLC","Kimberlystad",49,"French Southern Territories","7462897695"
19413,"Travis","Duran","Vincent, Watson and Esparza","Port Russellmouth",41,"Uganda","5669896630"
20414,"Warren","House","Frazier, Cain and Santos","Lake Devonmouth",60,"Togo","6275465069"
20548,"Katherine","Haas","Villegas, Stanley and Calderon","South Tonya",58,"Eritrea","9928437162"
20277,"Karen","Burton","Stein-Hess","South Andres",31,"Cote d'Ivoire","8640137174"
19902,"Logan","Riddle","Leach, Gutierrez and Villarreal","Weberview",63,"Jordan","7873433522"
20169,"Kathryn","Hester","Lam and Sons","Port Paigefort",68,"American Samoa","6408622775"
20444,"Christina","Villegas","Mercado, Ewing and Villa","Vickimouth",46,"Nigeria","6074212927"
19990,"Joel","Walters","Cuevas-Vaughn","Carlsonfort",57,"Cayman Islands","8158236889"
19470,"Frederick","Delacruz","Beck, Lambert and Sweeney","Brianbury",68,"Djibouti","8310997419"
19303,"Warren","Cantrell","Hood, Mora and Murphy","Whitneyburgh",63,"Korea","6988053228"
18051,"Melvin","Bates","Fry-Roy","Karinabury",40,"Vanuatu","6927937357"
17088,"Meredith","Pollard","Gilmore Ltd","Anthonyshire",50,"Sudan","7469486021"
17815,"Dawn","Hines","Kane, Roman and Osborne","Collinstown",30,"Paraguay","9305900952"
20908,"Audrey","Goodman","Jenkins-Murillo","South Rogerhaven",29,"Yemen","9733318086"
19969,"Kurt","Waters","Molina and Sons","Port Shane",46,"Papua New Guinea","9804008533"
17505,"Eugene","Harper","Rowe, Aguirre and Holloway","East Josephfurt",77,"Serbia","9440342187"
20801,"Caleb","Eaton","Franco, Blankenship and Nolan","Rileyburgh",77,"Sri Lanka","7663521951"
20907,"Kaitlin","Mejia","James, Bowman and Bass","Lake Alechaven",68,"Latvia","8932119267"
17699,"Jennifer","Mercado","Espinoza LLC","South Vanessaton",34,"Cayman Islands","7657270879"
15335,"David","Cardenas","Cortez-Flowers","Tanyabury",42,"Bahamas","8624383044"
20471,"Jenny","Reid","French-Norris","Karenmouth",38,"Malaysia","9262131884"
16073,"Lonnie","Frye","Fox-Small","Carlsonfurt",47,"Panama","7986557878"
15572,"Janice","Mayer","Cobb, Chen and Fitzgerald","Port Sheenaborough",25,"Jersey","6803825661"
20943,"Debbie","Bates","Fox, Lara and Short","South Toddchester",40,"Sweden","6664611502"
16959,"Jean","Christian","Sawyer Group","Hartburgh",51,"Jordan","9296613188"
18161,"Philip","Harding","Burgess-Stephenson","Jenniferland",77,"Turkmenistan","7787403087"
16084,"Jillian","Oneal","Chambers Inc","Knoxton",52,"Cape Verde","8034600943"
19984,"Mindy","Christian","Fox PLC","Jesusfort",33,"Liechtenstein","9496428223"
19913,"Bobby","Mclean","Mosley Group","West Normanborough",37,"Cote d'Ivoire","9304685524"
18372,"Amanda","Santos","Camacho-Lamb","Freemanberg",23,"Antigua and Barbuda","9865704421"
15722,"Ralph","Buckley","Tate, Wall and Trujillo","New Tara",56,"Montenegro","8954530092"
15345,"Brian","Montoya","Short and Sons","West Mirandaside",70,"Gabon","6639557529"
17725,"Joann","Dyer","Salinas-Stephenson","Lake Chadside",61,"Nigeria","5857382989"
16808,"Rhonda","Cook","Pennington-Lee","Zamoraburgh",57,"Lebanon","9190230844"
16867,"Charlene","Huffman","Henry, Weeks and Cantu","Stanleybury",78,"Korea","7338886599"
18682,"Abigail","Shah","Ortiz LLC","Mercadoland",32,"Sierra Leone","7903120122"
18261,"Frances","Bridges","Lane and Sons","Port Virginiaside",52,"United Arab Emirates","6381765928"
18093,"Belinda","Kaiser","Hull Inc","Phillipsbury",23,"Malawi","5612478486"
17023,"Michael","Griffin","Finley, Molina and Ortega","West Sophiafort",58,"Syrian Arab Republic","6967927590"
15575,"Brooke","Briggs","Daugherty, Bond and Mcmillan","Mezaview",67,"Sao Tome and Principe","9230395317"
17931,"Desiree","Sloan","Mccann and Sons","North Kyle",60,"Vanuatu","9604921091"
16739,"Jared","Floyd","Waters-Novak","East Tylerton",77,"Jersey","5670526240"
15972,"Latasha","Spencer","Castro LLC","North Kimberlychester",45,"Honduras","7684723244"
18040,"Joy","Mack","Blackwell Group","North Stevestad",41,"Latvia","8937771039"
19169,"John","Rhodes","Luna, Flowers and Beck","Port Sylviaton",77,"Iceland","9813409034"
18852,"Claire","Schaefer","Lynch-Pittman","Stuartmouth",38,"Algeria","5906151681"
16020,"Judy","Nguyen","Graham LLC","Lindsayburgh",76,"Uruguay","7136266041"
20171,"Andrea","Dennis","Kramer Ltd","Colemanfurt",50,"China","9459633734"
17238,"Karla","Middleton","Bradshaw, Mcbride and Gamble","Mayton",49,"Mongolia","5633030291"
20705,"Sean","Coffey","Kirby-Coffey","Silvaberg",40,"Anguilla","6915934448"
15584,"Nichole","George","Stout Group","West Charlotte",72,"Greece","5617063868"
15402,"Justin","Dougherty","Gregory PLC","Greerbury",26,"Netherlands","9483833746"
20363,"Devon","Smith","Morgan PLC","Brandtville",61,"Libyan Arab Jamahiriya","7478390344"
17149,"Becky","Scott","Coffey-Mcgee","Haroldport",50,"Jersey","9662881739"
17784,"Misty","Espinoza","Baxter, Sims and Braun","Mataport",73,"Luxembourg","9940266039"
20179,"Franklin","Rivers","Beasley-Lewis","East Joan",75,"Reunion","8192350409"
17575,"Leonard","Barber","Stevens Ltd","Lake Jasmineview",67,"Rwanda","5980717330"
19493,"Lonnie","Price","Ibarra, Horton and Williams","North Kirk",22,"Cayman Islands","5875912457"
16236,"Clarence","Cantu","Dudley LLC","Robertstown",50,"Gambia","9405853387"
15133,"Johnny","Foster","Terry, Fletcher and Mclean","South Chelseyton",51,"Puerto Rico","9335254874"
18194,"Richard","Vasquez","Glenn PLC","Stanleyhaven",37,"Burundi","7746938613"
17871,"Tabitha","Compton","Cantu-Hunt","West Tammietown",69,"Mozambique","7337215793"
15528,"Adrienne","Wong","Barrera PLC","Anthonyberg",44,"Gibraltar","8107106001"
17368,"Jorge","Farrell","Delgado LLC","Dylanberg",56,"Australia","8847069824"
18905,"Kathy","Richards","Ellis Inc","Fieldsside",69,"Turks and Caicos Islands","5780754099"
20952,"Larry","Ellison","Horne, Lloyd and Bolton","South Cristian",38,"Sweden","7434796860"
20306,"Gabrielle","Chaney","Acevedo, Randall and Harrell","Tanyachester",23,"Guadeloupe","7846996393"
16284,"Maxwell","Macias","Marquez, Poole and Chang","New Edwin",43,"Maldives","9326102372"
15667,"Joyce","Chan","Crawford-Nielsen","Isaiahfurt",40,"Serbia","8538090754"
15465,"Kari","Durham","Durham-Dean","Lake Julianberg",66,"Greece","8793115416"
18332,"Trevor","Mckee","Moss LLC","North Reginaton",74,"Togo","6222644149"
18010,"Diana","Thomas","Ali-Stark","Rodriguezfurt",61,"Greece","8335882764"
20578,"Cynthia","Moss","Colon LLC","West Matthewside",55,"South Georgia","6659470650"
18637,"Billy","Garrison","Travis, Nichols and Farmer","Andreburgh",31,"Mayotte","7832572993"
18160,"Grace","Austin","Petersen, Barrett and Leon","North Yvetteview",26,"Sierra Leone","6384037413"
16012,"Kerri","Hamilton","Hart and Sons","North Karaside",47,"Yemen","8439323866"
19506,"Kaylee","Wright","Randolph, Butler and Burgess","North Douglas",37,"South Africa","6061846849"
20647,"Manuel","Delacruz","Wilson, Kline and Bullock","Port Cassandrastad",27,"Papua New Guinea","7328071820"
19270,"Helen","Baxter","Schneider and Sons","Garrisonberg",27,"Bolivia","7140930529"
16862,"Leon","Hendricks","Hood Inc","South Angelica",36,"Chad","5871125574"
19213,"Henry","Contreras","Rice, Simpson and Russell","New Michellefort",31,"Slovakia (Slovak Republic)","6547931418"
20626,"Gerald","Tanner","Fritz LLC","West Leslie",27,"Western Sahara","7464437798"
20565,"Ariel","Arnold","Stokes, Floyd and Bradford","Michaelport",77,"United Arab Emirates","7818706057"
15913,"Judy","Fisher","Riggs-Beltran","Juliestad",59,"Fiji","7539656126"
20967,"Miguel","Wood","Cooke, Mcgrath and Morse","East Douglasberg",36,"France","6932893385"
18817,"Lance","Gillespie","Collier-James","South Timothy",26,"Lebanon","8982822119"
18924,"Natalie","Wang","Holt Group","Mercadofurt",49,"Macao","8340918949"
20560,"Charlotte","Byrd","Benson-Gardner","West Rita",30,"Ireland","5823756179"
18987,"Chelsea","Wagner","Hurley, Shepard and Harrell","Port Cristianview",52,"Bosnia and Herzegovina","7786694250"
16841,"Larry","Rollins","Michael, Cunningham and Ellison","Krausefurt",48,"Djibouti","8483696090"
19690,"Paul","Leblanc","Holmes-Gates","South Heathershire",69,"Rwanda","6771137970"
16506,"Caitlin","Vance","Phillips, Frazier and Blair","New Julia",54,"Korea","7121110004"
16336,"Adam","Shaffer","Diaz-Harrell","Garymouth",53,"Tajikistan","7777947345"
20636,"Martin","Rocha","Hall-Daugherty","Oneillfurt",32,"Niger","7561602373"
20366,"Ronnie","Erickson","Miller, Lucero and Mccann","South Miamouth",24,"Papua New Guinea","6828317887"
18165,"Sheryl","Delgado","Manning Ltd","Tracyfurt",55,"Liechtenstein","8063684128"
17263,"Kristen","Williamson","Doyle-Rodgers","East Kayleetown",75,"French Southern Territories","8842595091"
19722,"Cole","Warner","Grimes Inc","Port Kylieside",76,"Bhutan","6200210365"
19214,"Lee","Mercado","Pierce-Wilkinson","East Normaville",32,"Panama","7008388306"
15603,"Paula","Bates","Lin Group","Phillipsville",31,"Taiwan","8259894648"
16927,"Claire","Shaw","Ayala, Krause and Hendrix","Anthonyville",52,"Bulgaria","9988099039"
16070,"Amy","Mclean","Rasmussen, Pacheco and Mccann","Shortmouth",24,"Cote d'Ivoire","5698647754"
15695,"Joshua","Winters","Bolton Inc","South Terry",61,"Luxembourg","8070819559"
18082,"Brian","Pittman","Friedman, Montes and Valenzuela","West Meredithshire",54,"Faroe Islands","9950783507"
19337,"Jeffrey","Waters","Montoya Inc","Jesseville",55,"Bouvet Island (Bouvetoya)","6324411079"
18188,"Denise","Barber","Terry-Walls","East Katelyn",59,"British Virgin Islands","7598911332"
18321,"Wayne","Sanders","Patel Group","Lucasmouth",64,"Tokelau","6053114301"
18712,"Sandra","Sparks","Allison, Fox and Norris","Carneyfurt",61,"Saint Kitts and Nevis","6346028555"
17006,"Jose","Singleton","Mcfarland-May","Haleyfurt",49,"Azerbaijan","6825245283"
15619,"Joel","Shea","Richmond-Horne","South Alisha",56,"Palau","6387938844"
18868,"Sergio","Marquez","Arroyo-Braun","South Kelli",49,"Chile","9816414185"
15351,"Latoya","Decker","Cooke and Sons","East Franceshaven",47,"Mauritania","9730112413"
20812,"Chase","Guerrero","Mccarty, Quinn and House","Armstrongtown",31,"Gibraltar","9560363772"
15185,"Jeff","Tate","Brennan Inc","East Robertatown",32,"Nicaragua","9330560226"
17975,"Brandy","Valentine","Kidd, Gibson and Ramos","Janetchester",53,"Romania","9391160730"
20129,"Jade","Vega","Ruiz, Mcfarland and Terrell","Lake Jaclyn",63,"Guinea","8489843265"
15125,"Melody","Nielsen","Rush, Snyder and Bridges","North Chris",32,"American Samoa","6073610716"
19680,"Brandon","Webb","Ferrell-Fitzgerald","Reyesstad",34,"Peru","6677097269"
20994,"Jean","Mclaughlin","Rivas, Frey and Figueroa","Thomasstad",39,"Lao People's Democratic Republic","6106087629"
19454,"Albert","Case","Henson, Heath and Delgado","Lake Lonnieberg",60,"Saint Martin","9027205717"
17415,"Jose","Duarte","Robertson Inc","Kristaland",53,"Reunion","9518895015"
17875,"Jennifer","Brady","Hampton-Riddle","Stanleyborough",54,"Zimbabwe","7772660641"
15266,"Angel","Conner","Banks, Pierce and Romero","Port Marieland",63,"Cape Verde","8877150114"
18756,"Alyssa","Gamble","Mcclure, Raymond and Mccoy","Olsontown",53,"Zimbabwe","7669809930"
18312,"Lawrence","Campos","Pittman LLC","Heathfurt",77,"Uganda","7809996904"
21000,"Joyce","Michael","Maddox, Wiley and Vincent","New Soniatown",38,"Mongolia","9237975421"
16479,"Doris","Fox","Hudson, Fritz and Mcdaniel","Huntville",21,"Sudan","6242521351"
19729,"Johnny","Harris","Costa-Franklin","New Rickstad",65,"Norway","6836174542"
17027,"Leroy","Vargas","Acevedo Ltd","Reillyburgh",37,"Ghana","6752567719"
15314,"Diana","Green","Bishop PLC","South Andrewville",51,"Kazakhstan","8552320163"
17966,"Victor","Bowman","Nolan PLC","North Johnnymouth",39,"Panama","8617504583"
20676,"Alexis","Perry","Tanner-Mullen","Darrylstad",54,"Faroe Islands","9181692859"
16548,"Xavier","Mooney","Boyer, Hatfield and Powers","South Antoniochester",41,"Jersey","8046395109"
15316,"Lawrence","Gross","Miles-Hodge","Bradleymouth",34,"Ukraine","7226212308"
15648,"Albert","Myers","Davies-Benitez","Port Moniquehaven",31,"Honduras","6988433811"
18477,"Mikayla","Oneal","Cannon Ltd","Terrancetown",38,"Tajikistan","8098437246"
15195,"Frederick","Mcgrath","Dennis PLC","Port Jodyland",58,"Falkland Islands ","9210351630"
19354,"Kirk","Benitez","Bates, Baird and Bryan","Sharonside",71,"Bolivia","8001666974"
17049,"Alex","Mcdonald","Bradford PLC","Candacestad",34,"Egypt","8009350880"
18802,"Trevor","Hayden","Jackson-Trujillo","Lake Angie",28,"Bangladesh","7001521242"
20481,"Sherry","Lane","Randall and Sons","West Joel",56,"Antigua and Barbuda","8024156613"
19113,"Mallory","Pratt","Landry-Carpenter","Payneport",54,"Malta","8144319638"
18091,"Daniel","Flores","Barajas-Gordon","South Carrieshire",50,"Guatemala","7565334234"
20221,"Jesus","Kane","Conrad and Sons","Clarketon",31,"Brunei Darussalam","6861373628"
16846,"Gilbert","Hendricks","Goodman, Hinton and Douglas","South Francisco",58,"Malawi","6913833802"
18464,"Kerry","Sanders","Larsen-Murray","New Grantshire",57,"Montserrat","8500240319"
15951,"Alexandra","Davidson","Morrison, Ballard and Alvarado","South Latoya",53,"Botswana","8218720236"
17587,"Vincent","Carey","Murphy-Lopez","South Clayton",72,"Jamaica","8511037132"
20813,"Parker","Russo","Foley-Yoder","East Dorothy",48,"Malawi","7004548365"
19740,"Ebony","Velasquez","Casey-Krause","Dennisfurt",30,"Mexico","9736478345"
18585,"Jesus","Holden","Carlson Ltd","Cathyton",65,"Saint Barthelemy","8937839261"
20959,"Candace","Chen","Raymond-Romero","Stacystad",76,"Aruba","7889784257"
18548,"Juan","Saunders","Gillespie Inc","Sotoberg",39,"Taiwan","5789211656"
17616,"Richard","Serrano","Beasley Group","North Raven",21,"Kyrgyz Republic","6401995396"
16120,"Rick","Barrera","Wells, Gallagher and Robles","Jermainetown",22,"Samoa","7234775346"
17435,"Meagan","Hoover","Chapman Group","Piercemouth",49,"Tanzania","6465637822"
17469,"Larry","Huff","Knapp-Hill","New Reneemouth",58,"Samoa","8114797074"
17275,"Kelli","Gonzales","Miles Ltd","Lake Dominique",46,"Slovenia","7636838104"
20919,"Crystal","Howard","Stokes-Boyle","Guerreroshire",64,"Ecuador","8528171130"
19605,"Frank","Walter","Barnett-Floyd","Yolandatown",67,"Saint Pierre and Miquelon","7775988299"
15134,"Rhonda","Donaldson","Graham-Blackwell","Autumnland",41,"Christmas Island","8609594124"
17242,"Lisa","Duran","Brennan-Spencer","East Sabrina",61,"Senegal","8561120276"
16449,"Isabel","Cisneros","Salas, Kelly and Johns","Blakechester",35,"Guinea-Bissau","7113440940"
16408,"Bianca","Jennings","Cooper, Romero and Mcneil","Ethanburgh",43,"Cambodia","9883499916"
19925,"Leon","Lang","Vazquez, Compton and Kane","North Tyler",78,"Czech Republic","6503207027"
19726,"Luis","Zamora","Knox Ltd","Summerstown",31,"Saint Barthelemy","6293065876"
20585,"Mitchell","Chang","Mclean, Sheppard and Pearson","Mannport",77,"Saint Pierre and Miquelon","6185076699"
16728,"Edgar","Terry","Mosley-Mata","New Ann",44,"Bulgaria","9635170566"
17438,"Norman","Howard","Carpenter and Sons","Tammyberg",24,"Sri Lanka","8587585236"
19135,"Fred","Alvarez","Roberts, Solis and Carpenter","Port Katherineside",28,"Greece","8322214896"
17971,"Lauren","Nunez","Nichols-Key","Haysmouth",54,"France","8398093619"
20480,"Kristen","Terry","Howe-Mathis","South Rogerville",62,"Niue","9842890743"
17684,"Olivia","Cross","Richard-Lutz","Rickburgh",75,"Uganda","8112138022"
15950,"Leonard","Pennington","Elliott, Combs and Mcpherson","Tammieborough",67,"Guam","9234427913"
18427,"Nathan","Bryan","Kane Inc","Walshshire",42,"Jordan","7701062271"
17431,"Theresa","Gallegos","Spence Ltd","Dorisport",21,"Togo","8471755166"
17555,"Jamie","Hayes","Harvey, Foley and Rush","Orrfurt",22,"Latvia","8580311811"
17751,"Wayne","Herring","Brooks PLC","Johnburgh",78,"United States Minor Outlying Islands","5956664946"
20303,"Allison","Franco","Willis PLC","South Cesarburgh",76,"Japan","7630000731"
19985,"Ronald","White","Ferguson, Knapp and Mathews","West Normaton",25,"Turkmenistan","6124395980"
19970,"Deborah","Taylor","Pope and Sons","Port Roberta",48,"Macedonia","5713599118"
17408,"Shari","Bender","Lamb-Valenzuela","North Guy",40,"Falkland Islands ","6660498737"
19867,"Brooke","Gibbs","Burnett, Atkins and Norris","East Isabel",35,"Mali","9612175519"
15806,"Ashley","Melton","Oneill-Dickerson","West Stacy",53,"Anguilla","6615399728"
19924,"Teresa","Hart","Kane, Fry and Landry","Perkinsbury",45,"Aruba","9994173435"
15212,"Bonnie","Erickson","Drake Inc","Lake Donbury",69,"Rwanda","7742268368"
18027,"Ruben","Trevino","Mcneil-Hancock","South Linda",51,"Turkey","6100073418"
19346,"Fernando","Perez","Huang, Preston and Stevens","West Melody",37,"New Caledonia","7403711171"
20400,"Katelyn","Cabrera","Brown, Valentine and Velez","New Miguel",63,"New Caledonia","6269235436"
18742,"Sylvia","Lin","Rivas-Alexander","Lake Juanport",23,"Nauru","9815038458"
15751,"Margaret","Snyder","Sharp-Oconnor","Cliffordburgh",29,"Brazil","9996167466"
20364,"Trevor","Schwartz","Mcdowell-Chang","Bradfordmouth",54,"Isle of Man","9729393454"
17807,"Bethany","Colon","Greene, Mcconnell and Frye","Flemington",74,"Djibouti","7689966569"
20250,"Dustin","Vaughan","Ramos, Bishop and Montgomery","Port Ebonyhaven",75,"Eritrea","8811654516"
20837,"Jim","Oconnell","Rodriguez and Sons","Roseport",28,"New Caledonia","6165054055"
15096,"Kerry","Roberts","Leon, Morgan and Huff","Lake Rachael",44,"Solomon Islands","6464420070"
20383,"Allen","Mcgrath","Parker PLC","Dawsonshire",47,"Saint Kitts and Nevis","8979335857"
18146,"Darlene","Ware","Stafford-Green","East Glenn",67,"Grenada","8076322249"
15636,"Jane","Roman","Franco Inc","North Grace",31,"Estonia","6909815290"
18012,"Sheena","Burns","Wade, Mills and Walters","South Tashatown",40,"India","6731564534"
18807,"Patricia","Cole","Phelps, Hobbs and Pratt","North Elaine",66,"Comoros","8595985402"
19261,"Shannon","White","Mitchell-Castaneda","Huffville",47,"Korea","7129534188"
16708,"Mandy","Farley","Lozano-Wilkins","Powersstad",30,"South Africa","8712830859"
15249,"Walter","Barber","Howell, Burgess and Vega","North Suzanneberg",27,"Nigeria","5921042185"
15884,"Summer","Fox","Bates, Medina and Hudson","Kimberlyberg",68,"Somalia","9555420738"
17942,"Jeffery","Stuart","Tate-Gordon","Coxburgh",31,"France","7917566230"
19920,"Carla","Saunders","Allen-Brandt","North Darlenemouth",74,"Zimbabwe","7345265579"
18278,"Dustin","Herman","Bean, Morse and Reed","Georgemouth",22,"Venezuela","5720605580"
19298,"Melody","Mckay","Paul Ltd","Claireberg",63,"Czech Republic","7964948956"
17549,"James","Ward","Marsh and Sons","Michaelashire",24,"Anguilla","7582897266"
15787,"Jasmine","Berry","Garcia-Chaney","Port Rick",70,"Djibouti","5669505777"
17147,"Vanessa","Webb","Flowers, Henry and Craig","Hatfieldbury",22,"Sweden","8200163343"
19982,"Jermaine","Diaz","Hicks-Chandler","South Seth",31,"Montserrat","6345315896"
15286,"Mary","Holder","Lynch Group","Lake Jessicachester",77,"Slovakia ","6739980987"
19611,"Johnathan","Mclaughlin","Brewer, Mckinney and Taylor","South Theresafort",24,"Senegal","7897277049"
20313,"Tracey","Massey","Pitts, Klein and Gregory","North Theodore",77,"Iran","9100505855"
16798,"Tristan","Brooks","Pope and Sons","Ryanshire",66,"Antarctica ","8241776177"
19323,"Sara","Gilmore","Guerrero Inc","Lake Fred",43,"Kuwait","7378015531"
20896,"Norma","Page","Carroll-May","Kruegerside",49,"Cambodia","9873705499"
17279,"Levi","Todd","Roberts and Sons","Lake Justin",46,"Cook Islands","5919949851"
18256,"Anthony","Curtis","Orozco LLC","Tylermouth",22,"Grenada","9524637940"
20402,"Kristine","Hawkins","Schwartz-Fernandez","Juanstad",55,"Gambia","8700623475"
19075,"Ann","Levy","Spence Inc","New Dillonshire",64,"Armenia","9656928469"
18308,"Laurie","Mccoy","Mullins, Cohen and Atkins","Princechester",29,"Uzbekistan","6191450787"
20629,"Stephanie","Rivera","Arroyo, Wagner and Christian","Cervantesmouth",52,"Costa Rica","5842173571"
20273,"Ebony","Yang","Boyd Ltd","East Edwin",22,"Turks and Caicos Islands","6954318383"
20208,"Norman","Morton","Vaughn, Beasley and Holland","West Vanessahaven",38,"Cape Verde","7431431609"
17105,"Joann","Holder","Cochran, Grant and Blake","Margaretfurt",71,"Tuvalu","8205426573"
20243,"Catherine","Davis","Orr Group","Erikatown",41,"Cape Verde","7874226592"
19232,"Grant","Mercado","Rich-Pugh","West Jessicastad",35,"Papua New Guinea","6420422359"
16432,"Jessica","Aguirre","Barron, Stark and Hill","Kristinefurt",61,"Guam","8669044615"
20602,"Trevor","Bowers","Richmond-Cardenas","Juliafort",53,"Bangladesh","7426216022"
20468,"Autumn","Norris","Peterson-Boyd","New Alvin",58,"Madagascar","8936128235"
18237,"Nancy","Price","Burch-Barr","Darrenmouth",55,"San Marino","8351811026"
18457,"Kevin","Lozano","Fletcher, Frazier and Baxter","Lake Francisfurt",58,"Netherlands Antilles","7240863249"
16331,"Dale","Hendricks","Levine-Larsen","Carrfurt",43,"Turkmenistan","9654176007"
16872,"Alexis","Carroll","Foley Inc","New Kristi",32,"Qatar","7288962116"
17773,"Javier","Bowers","Flores, Rodgers and Flores","New Samantha",47,"Ethiopia","8883411791"
16243,"Zoe","Guerra","Hogan-Butler","North Bethanyhaven",53,"Qatar","9881026817"
20198,"Tim","Henson","Keith, Stephens and Wyatt","Maddenmouth",36,"Armenia","8327025048"
20710,"Tim","Larson","Hurley, Bentley and Acosta","Lake Lindaton",28,"Papua New Guinea","8977755992"
18727,"Brian","Banks","Solomon-Cortez","Lyonsberg",77,"Cambodia","8821045251"
15394,"Destiny","Cooke","Mueller-Kent","North Shaun",30,"Saint Pierre and Miquelon","9407857763"
17668,"Austin","Bright","Aguilar PLC","Rebekahshire",21,"Dominican Republic","6930122453"
20525,"Briana","Davis","Stone-Floyd","Castanedamouth",77,"Kiribati","7389218684"
18525,"Darius","Lara","Castillo-Lang","East Yolanda",63,"Northern Mariana Islands","9859358323"
17403,"Toni","Rhodes","Meyer, Lamb and Flynn","Deniseburgh",29,"Tonga","8762471139"
20307,"Warren","Willis","Small-Wade","South Gracebury",22,"Mongolia","8834134141"
18594,"Colleen","Cordova","Glover-Pearson","West Marilynchester",54,"Slovakia ","7218689054"
15600,"Marie","Norman","Bush, Knapp and Gaines","Alexaside",77,"Tunisia","7773152015"
15239,"Jasmine","Morrison","Morrison, Graves and Odom","Skinnerland",28,"Guadeloupe","7343481621"
18148,"Catherine","Perkins","Meyers and Sons","West Gabriela",61,"Honduras","8127346432"
19517,"Nancy","Williams","Gordon-Hayes","Masseytown",69,"Burkina Faso","7636882546"
16427,"Noah","Hebert","Gomez-Lester","Ortizside",55,"Tanzania","9303407590"
17525,"Latoya","Gillespie","Peters-Cruz","West Coreyview",78,"Haiti","6903617896"
15343,"Chelsea","Oneal","Haney, Curry and Griffith","Mcdanielhaven",77,"Antarctica ","7522445509"
15763,"Katie","King","Schaefer-Bullock","East Rodneyland",61,"Malta","9507969633"
17659,"Colin","Doyle","Carroll, Walsh and Benjamin","Lesliefurt",60,"Liechtenstein","8471376614"
16577,"Sonya","Schroeder","Curry Inc","Petersburgh",70,"Nicaragua","7052088108"
15292,"Kayla","Guzman","Ali, Fleming and Madden","Kiddfort",73,"Central African Republic","7627158744"
17583,"Christie","Jenkins","Lloyd Group","East Angieside",36,"Dominica","6664594947"
19037,"Joanne","Ferguson","Reed, Navarro and Barber","Baileyside",54,"Hungary","7714408082"
19122,"Yolanda","Robinson","Carey Ltd","West Tyronestad",31,"Wallis and Futuna","7898826879"
19285,"Katie","Craig","Garrison-Gordon","North Jamiemouth",44,"Oman","7517208957"
19703,"Dakota","Chavez","Byrd, Hart and Pham","Brewerbury",65,"Azerbaijan","8480954112"
17423,"Johnny","Randolph","Rivas, Maxwell and Farley","East Daniellestad",27,"United States of America","9131429083"
18090,"Collin","Alvarez","Ho LLC","Port Lawrence",24,"Jordan","8592434611"
17813,"Cassidy","Melton","Guerra, Boyd and Palmer","Lorettaland",72,"Guinea","7807271681"
15078,"Adam","Singh","Johns Group","Lake Mckenzieville",73,"Bolivia","7549743993"
20334,"Hayden","Pugh","Woodward-Guerra","New Marc",45,"Israel","8897191735"
17290,"Kellie","Salas","Cross, Kennedy and Bray","East Jeanne",26,"Turkey","8320975739"
20203,"Caleb","Watkins","Nelson LLC","Levihaven",22,"Luxembourg","7353728429"
20885,"Troy","Fritz","Mercado PLC","South Taylor",38,"Cuba","6762784158"
16863,"Phillip","Duffy","Booker, Ritter and Daugherty","Lake Emily",69,"Saint Lucia","6740405130"
15984,"Claire","Robinson","Lynch Inc","West Kevin",28,"Tonga","6213707465"
18492,"Jackson","Estrada","Webster, Weeks and Vasquez","Chadborough",55,"Argentina","8705231211"
17856,"Tiffany","Peterson","Chambers, Montoya and Gray","New Christianburgh",32,"Colombia","8828776616"
16309,"Jessica","Carlson","Black Group","Salazartown",47,"Grenada","7323336151"
18948,"Alvin","Roy","Thornton Group","Brittneyton",65,"Israel","8423945631"
17528,"Harold","Paul","Griffin, Stanton and Clements","Staffordhaven",33,"Christmas Island","8789220505"
17651,"Rodney","Underwood","Griffin-Lam","Yvonnemouth",69,"Iceland","8904843409"
20788,"Adrian","Herman","Terrell-Schultz","North Beverly",32,"Iraq","7977610573"
18730,"Clifford","Phillips","Ramsey LLC","Lake Blake",61,"Martinique","6905958931"
16113,"Regina","Mccoy","Ponce, Malone and Waller","Burchchester",55,"French Polynesia","9821039175"
16871,"Kaylee","Bowers","Horn LLC","Johnsonland",32,"Pakistan","9002595331"
16399,"Reginald","Frederick","Burke, Hopkins and Bradley","Douglasstad",57,"France","9765285851"
15378,"Shelby","Reese","Walton-Greene","New Margaret",47,"Tunisia","9447615789"
15811,"Connor","Gentry","Maldonado, Lowe and Espinoza","West Cristian",58,"Trinidad and Tobago","7730186172"
18052,"Kevin","Fleming","Frye-Haney","New Shannonstad",70,"Trinidad and Tobago","8826702667"
18262,"Connie","Mercado","Weeks, Perez and Andersen","New Vincentstad",61,"China","7345859905"
20341,"Kaylee","Barber","Odom-Nolan","Solistown",76,"Chile","9153340017"
19344,"Betty","Duncan","Raymond, Frazier and Burton","Jacobsonchester",61,"Denmark","6716185542"
18922,"Dwayne","Sweeney","Roth-Griffith","North Kenneth",73,"Bolivia","6067282851"
17734,"Kenneth","Anthony","Hale, Payne and Saunders","Fletcherborough",50,"Tanzania","6853328390"
20701,"Peggy","Montoya","Oconnell PLC","Port Brandyside",47,"Poland","7879896725"
20999,"Jonathan","Briggs","Atkins-Atkinson","Lake Aprilchester",50,"Japan","6246230273"
20689,"Sean","Gray","Larsen-Payne","Berrymouth",22,"China","7921962461"
15453,"Rebekah","Villegas","Casey Inc","Langberg",52,"Venezuela","9420563961"
19299,"Lisa","Small","Lane-Daniel","New Xavier",74,"Micronesia","8181813825"
19546,"Paige","Pineda","Cole, Huynh and Vang","Port Judith",45,"Palau","7881015352"
20554,"Howard","Glass","Carter, Wiggins and Paul","New Kelliechester",27,"Brazil","5958370305"
15342,"Jose","Bond","Tucker Group","Lake Lydiatown",55,"Mongolia","7533001089"
15800,"Janet","Bass","Hudson LLC","Port Lindsey",47,"Christmas Island","5682009701"
20291,"Jasmin","Waters","Chandler-Holt","South Marisachester",63,"Hungary","6177599100"
15326,"Jennifer","Mcintosh","Glover, Keith and Lozano","Simonside",45,"Aruba","8134746329"
15111,"Gina","Benson","Lawson Group","Colechester",55,"South Africa","9834164080"
15720,"Vanessa","Gardner","Silva-Bauer","Meghanstad",64,"Italy","8701624974"
16085,"Brenda","Clark","Coleman-Bishop","Noblemouth",74,"Thailand","8168237123"
16774,"Chelsea","Randolph","Nixon Ltd","New Candice",42,"Kyrgyz Republic","7349689506"
15874,"Tabitha","Logan","Hodges-Cummings","New Lance",30,"Myanmar","8631508518"
16666,"Anne","Cabrera","Gay Inc","Toddtown",54,"Australia","7153895825"
16746,"Logan","Lamb","Chavez-Haas","North Erin",38,"Korea","7376208147"
18075,"Reginald","Mann","Pitts-Weeks","East Brandon",61,"Netherlands","7226864294"
15802,"Bob","Rosario","Spencer Ltd","Fowlerfort",75,"Turkey","5947951189"
18599,"Andrew","Weiss","Stewart Inc","New Pam",78,"Nicaragua","9764780719"
20331,"Rita","Livingston","Valentine Inc","North Whitneyborough",69,"Guyana","9491402864"
19623,"Briana","Peck","Salas LLC","Port Curtis",31,"Chile","7622593958"
17302,"Brady","Mcdaniel","Knapp-Rodgers","Debraberg",28,"Costa Rica","6773719605"
19981,"Clifford","Rivers","Black-Lam","West Michelle",58,"Niue","9905236373"
16001,"Kathryn","Burgess","Aguirre and Sons","South Andre",70,"Uruguay","7538261443"
15324,"Rodney","Esparza","Mckay Group","East Ricky",66,"Holy See ","8503585237"
19805,"Gabrielle","Vincent","Newton LLC","North Perryshire",39,"El Salvador","8230731098"
15580,"Yolanda","Schroeder","Johnston Ltd","Malikchester",51,"Mauritius","5605143014"
15703,"Jonathon","West","Rice-Nichols","North Staceyport",51,"Heard Island and McDonald Islands","7231771059"
18143,"Lee","Harvey","Obrien Ltd","Port Leon",70,"Ireland","9037168082"
15379,"Yvette","Mccoy","Reeves, Harding and Bowman","East Monica",35,"Morocco","5979594999"
19103,"Kayla","Fleming","Gregory Group","Clarketown",35,"Saint Barthelemy","5637100813"
18743,"Vernon","Flowers","Lawrence, Villegas and Sweeney","New Terryton",64,"Greece","7594489145"
20417,"Bobby","Dodson","Fuller PLC","Mariamouth",23,"Guyana","7729767008"
17424,"Lindsey","Blevins","Fischer-Garrison","East Nathanielview",30,"Reunion","8067285877"
17320,"Jared","Howe","Pacheco, Dennis and Velazquez","New Diane",34,"Austria","6001985075"
15107,"Mike","Mckay","Aguilar-Carney","Lake Lydiafurt",35,"Samoa","7357141141"
16779,"Leon","Summers","Owen Group","Holmeschester",54,"Guernsey","9422499747"
15807,"Darren","Gibbs","Baldwin-Best","Glennchester",75,"Saint Barthelemy","8144905604"
18873,"Chase","Lucas","Mills, Esparza and Carpenter","Johnmouth",65,"Saint Helena","6821703566"
16465,"Kent","Cobb","Wolfe Inc","Schwartzchester",65,"Belize","8173435423"
15277,"Miranda","Lawson","Baldwin PLC","West Claudiahaven",57,"Montenegro","5811710524"
19119,"Kathy","Nguyen","Vaughan LLC","Kelleyborough",39,"Cape Verde","7684324667"
17126,"Jeremiah","Rubio","Chambers Group","Caseyborough",47,"Russian Federation","7398564350"
19283,"Gilbert","Barry","Parker-Nguyen","Gilmoreport",29,"Central African Republic","8187035467"
17272,"Tony","Shannon","Gutierrez PLC","Acevedomouth",67,"Solomon Islands","8662273769"
19286,"Dana","Salas","Barton Ltd","Lake Tabitha",23,"Liberia","8015970908"
18186,"Benjamin","Galvan","Ewing-Everett","Masseymouth",32,"Antarctica ","7714458346"
16570,"Teresa","Vargas","Sherman-Miranda","Velasquezstad",64,"Finland","9205011641"
15599,"Tricia","Leon","Lutz-Spears","Lake Tannerside",59,"Antigua and Barbuda","7840223801"
17029,"Carmen","Daugherty","Russo Ltd","Batesport",36,"Saint Helena","7991680788"
16029,"Tiffany","Rowe","Maynard-Mcbride","Smithview",45,"Belgium","9824483535"
18702,"Wesley","Snow","Higgins LLC","East Melinda",69,"Turkey","9095766752"
16061,"Raven","Mejia","Fisher-Lopez","Duncanside",78,"Antarctica ","7465171335"
15242,"Elijah","Richardson","Fowler-Owen","Willietown",74,"Cambodia","7423197562"
17470,"Colton","Sandoval","Villarreal-Lang","Zavalaview",77,"Gabon","5913494351"
20998,"Krista","Mcclure","Simon and Sons","North Marissatown",28,"Iceland","7055328286"
15935,"Johnny","Rubio","Porter, Johnston and Mullins","New Melodymouth",66,"Thailand","9714124577"
16148,"Amy","Ballard","Rice Group","Briannaland",53,"Canada","6393312196"
20655,"Rachel","Watts","Holloway-Nolan","Aaronville",69,"Gibraltar","5822372990"
18704,"Judy","Mullins","Quinn Inc","Lake Shelby",74,"American Samoa","9239819476"
15809,"Priscilla","Huff","Saunders and Sons","New Brettmouth",50,"Malta","8425040181"
15785,"Zoe","Solomon","Meyers-Odonnell","Bettyland",60,"Wallis and Futuna","7637196603"
15049,"Gabriella","Ho","Sawyer PLC","Danielview",29,"Chad","7989218256"
20187,"Jeff","Jensen","Haynes Group","Josephfort",56,"Indonesia","7354152432"
16475,"Natalie","Ball","Garrett PLC","Port Laurie",44,"Burundi","8511657963"
16638,"Matthew","Fields","Sullivan-Archer","North Sabrina",66,"Anguilla","8689659132"
15897,"Jack","Mendoza","Cardenas, Bass and Callahan","Quinnfurt",74,"Puerto Rico","7078182221"
20142,"Sheryl","Lyons","Henson-Trevino","South Roberta",47,"Algeria","7686480905"
18277,"Nina","Contreras","Mcknight, Horne and Thornton","New Savannah",62,"Yemen","8525538292"
18439,"Samuel","Walker","Gallegos, Paul and Williamson","Ginaport",71,"Gabon","9003238271"
17723,"Charlotte","Spencer","Chambers Ltd","Port Tyronemouth",68,"Antigua and Barbuda","8039770084"
19144,"Eduardo","Schultz","Valdez, Pierce and Compton","Christianbury",77,"Lao People's Democratic Republic","6377798230"
18266,"Adrienne","Medina","Benitez, Wilkinson and Mooney","Darrellstad",47,"Nepal","6381561787"
17675,"Darrell","French","Macias, Dodson and Blackwell","Vegaview",54,"Malaysia","7987306401"
16923,"Rodney","Dunn","Poole LLC","Hardingshire",53,"El Salvador","6523047425"
20301,"Bryan","Sampson","Clark-Murray","Stricklandborough",61,"United States of America","9103665666"
19376,"Gregory","Baxter","Levine Inc","Schultzfort",37,"Senegal","6650439993"
16434,"Edgar","Norman","Gould-Heath","Lake Kayleeville",42,"Yemen","7012087077"
20037,"April","Garner","Mckay, Moody and Rowland","Erikamouth",72,"Hong Kong","6238605529"
18949,"Mercedes","Bush","Davies-Johnson","North Katelyn",33,"India","9648725435"
18137,"Theresa","Randolph","Gilmore-Carr","Janicefort",28,"British Virgin Islands","7351823550"
20702,"Tom","White","Golden, Guzman and Webster","Lake Sean",35,"Reunion","6818042542"
19660,"Tiffany","White","Jacobs, Griffin and Fuller","Pambury",53,"Qatar","6359830497"
20324,"Lacey","Clark","Wells-Riley","West Lydiamouth",35,"Belgium","8240685509"
15019,"Gail","Thornton","Hines Group","Julieport",50,"Cocos  Islands","7035683640"
18930,"Leslie","Figueroa","Norris-Randall","Dillonmouth",29,"Zimbabwe","8850750723"
16675,"Katie","Mcintosh","Gibson and Sons","New Darrenfort",64,"San Marino","5802873326"
15554,"Kelly","Bradshaw","Horn, Sherman and Barry","West Raven",61,"Uganda","6672993880"
18295,"Blake","Avila","Bernard Inc","New Frances",68,"Morocco","6547482822"
16696,"Jesse","Miranda","Johnson Group","Ellisland",55,"Nigeria","6981757392"
19609,"Kristi","Thompson","Lyons, Arroyo and Nash","New Lanceview",27,"Antigua and Barbuda","5768235030"
16948,"Isabel","Snow","Cook, Lee and Maldonado","North Lynntown",22,"Cyprus","7153267902"
16762,"Donna","Sims","Buckley, Bond and Parsons","North Davechester",34,"Pakistan","7436476323"
18583,"Connor","Thomas","Wilcox-Edwards","Janiceview",37,"Austria","8345960061"
19778,"Chloe","Hanson","Nguyen PLC","Daisytown",57,"Svalbard ","6630429577"
20850,"Drew","Guzman","Chung Ltd","West Kirkbury",71,"Guatemala","8326479105"
18197,"Clifford","Conway","French LLC","Brandtshire",60,"Chad","5701507096"
20923,"Ashlee","Carney","Fitzgerald, Rios and Stewart","Fullerbury",74,"Estonia","9946176562"
17228,"Jackie","Mccullough","Davidson Inc","West Randallshire",62,"Guatemala","8427504881"
17989,"Crystal","Dougherty","Rodgers-Kelly","Alfredshire",37,"Swaziland","8621591670"
17396,"Caitlyn","Tapia","Farley LLC","Ewingchester",51,"Anguilla","7356188437"
17827,"Brenda","Estrada","Lee, Pearson and Parsons","South Gilbertmouth",28,"Mali","6202960364"
16758,"Tina","Andrews","Dickerson and Sons","Charlenebury",60,"Chile","6793332126"
16153,"Andre","Cunningham","Cervantes Inc","Lake Jesus",39,"Liberia","9060384208"
15987,"Jesus","Abbott","Pratt, Durham and Conley","Port Jermaine",21,"Jamaica","6753223678"
20811,"Kendra","Bishop","Vasquez PLC","Maysberg",78,"Armenia","8524570781"
15006,"Tyrone","Ayers","Welch Inc","Bryantland",34,"Barbados","7320957817"
15226,"Isaiah","Andersen","Lang, Solis and Cunningham","Laurieport",37,"Oman","5955556802"
20858,"Shelia","Rojas","Conley, Moody and Maddox","West Ana",70,"Marshall Islands","7663091789"
16932,"Donald","Arnold","Dunn, Holt and Flowers","Bonnieport",64,"Congo","8168803790"
20338,"Kaitlin","Fowler","Merritt, Duarte and Marshall","Wilkinsonton",35,"Georgia","9556381629"
19734,"Mallory","Browning","Yang, Waller and Castillo","Lake Faithton",55,"Equatorial Guinea","9191586237"
18731,"Cathy","Compton","Lara Ltd","Johnstonfurt",74,"Somalia","6962484886"
16055,"Larry","Blanchard","Macias-Cole","Trujilloside",33,"Isle of Man","8659576875"
18196,"Robert","Henderson","Cuevas Group","East Kristy",34,"Mauritius","5800621749"
18651,"Glen","Simon","Cruz and Sons","Lake Marcfurt",48,"Zimbabwe","9262313823"
17358,"Holly","Nelson","Valentine Ltd","Monicatown",71,"Christmas Island","9868317998"
20038,"Erin","Wall","Richards Ltd","Hancockburgh",64,"Korea","8042777340"
20097,"Chloe","Durham","Colon LLC","Derrickland",57,"Guyana","7206264687"
15493,"Jeanette","Schwartz","Mendoza-Garrison","Jeffport",51,"Suriname","5768796446"
17467,"Max","Clements","Phillips-Stanley","Riosville",65,"Haiti","9727497923"
19348,"Julie","Coffey","Walls Inc","East Elizabethfort",57,"San Marino","7100534908"
20241,"Regina","Gilmore","Wright, Rogers and Chandler","Bellchester",64,"Northern Mariana Islands","6259624604"
18709,"Lacey","Stark","Jefferson-Larson","East Emily",62,"Switzerland","7464039337"
20108,"Devin","Jefferson","Moyer-Martinez","Dickersonville",35,"Argentina","8298293175"
15385,"Shawna","Spencer","Gallegos-Eaton","Kelliville",74,"Malawi","9777487479"
19928,"Edgar","Meyers","Ochoa, Durham and Fowler","Miguelhaven",68,"French Southern Territories","6769686248"
15503,"Levi","Larsen","Davenport-Roy","Costaville",22,"Cayman Islands","8352505553"
18622,"Victor","Simon","Washington-Horne","Maddoxland",68,"United Arab Emirates","6833803120"
19612,"Lacey","Boone","Kim-Nash","Lake Craigchester",59,"Belize","9207275359"
19485,"Chelsea","Lester","Vaughan and Sons","Taylorport",42,"Nepal","9637885052"
20305,"Dominique","Benjamin","Brooks-Estrada","Jimmybury",77,"Liechtenstein","7510849414"
18350,"Cheyenne","Marshall","Molina-Love","Waltershire",31,"Aruba","7796060149"
16644,"Frances","Vance","Montoya, Munoz and Riggs","North Evelynmouth",60,"Ukraine","7669244264"
17903,"Melvin","Todd","Padilla LLC","West Kristin",60,"Mauritania","8577412959"
20664,"Gilbert","Larson","Lambert, Olsen and Kent","Vanessabury",44,"Gambia","6654841763"
20361,"Tim","Hawkins","Frederick-Rollins","New Maryfort",55,"Saudi Arabia","5842381360"
20630,"Peter","Glass","Lynn and Sons","New Herbert",61,"Bahrain","7774662763"
16002,"Dan","Shepard","Tucker-Hensley","East Shelleyfurt",44,"Gabon","7683669784"
18287,"Crystal","Garcia","Norman, Church and Cortez","Port Calebhaven",38,"Armenia","6175756096"
20135,"Helen","Diaz","Haney, Wong and Hines","Sloanstad",46,"Sri Lanka","6883716422"
20597,"Christine","Cervantes","Greer, Buckley and Macdonald","Billytown",63,"Timor-Leste","9799302369"
20509,"Jeffery","Zhang","Merritt, Adkins and Hendricks","Port Jodi",44,"Angola","6841767819"
18661,"Mario","Nolan","Stuart-Livingston","North Dariusview",27,"Vanuatu","6698344214"
15486,"Abigail","Cochran","Valentine, Foster and Church","North Shannon",27,"Switzerland","5649204278"
16300,"Darlene","Nelson","Haynes, Rasmussen and Shelton","New Julia",38,"Fiji","6990726114"
18994,"Dwayne","Davidson","Crosby Inc","Campbellside",52,"New Caledonia","8870193122"
16008,"Gregory","Osborne","Davidson-Collins","Gabrielleside",49,"Romania","9752463748"
15601,"Latoya","Clements","Russell LLC","Orrview",73,"Congo","8687590329"
19893,"Brooke","Savage","Durham, Prince and Cantrell","Theresaland",26,"French Polynesia","7223924674"
20720,"Savannah","Grimes","Edwards Group","Shellyfurt",73,"Guadeloupe","6755699126"
15360,"Donna","Webster","Fernandez, Wong and Briggs","Yvetteville",33,"Comoros","6384435463"
20260,"Jim","Ochoa","Watts, Yates and Sutton","South Tom",67,"Greece","6922701397"
16748,"Leslie","Spencer","French, Estrada and Decker","West Ralph",33,"China","8284480809"
17182,"Ariana","Harmon","Steele-Osborne","North Collin",65,"Lesotho","7557413655"
19669,"Paige","Wong","Lam-Cardenas","Laurabury",34,"United Arab Emirates","7814077174"
19021,"Darryl","Burnett","Acevedo-Drake","Mckenzieton",34,"Ecuador","7253538992"
19409,"Kristopher","Glass","Weeks Ltd","Hancockshire",71,"Lithuania","9009360381"
18050,"Michael","Huff","Carroll, Ballard and Zhang","West Bryan",27,"Luxembourg","7946693410"
19472,"Douglas","Wilkerson","Salazar-Kelley","New Marcus",21,"Netherlands","9379533357"
18267,"Tanya","Howard","Pierce, Riddle and Black","South Alisha",35,"El Salvador","7765754220"
16838,"Christy","Franklin","Landry-Martin","Oliviatown",36,"Angola","7556629413"
19039,"George","Dorsey","Castillo-Lester","East Alan",68,"Switzerland","7612326058"
16526,"Colton","Nixon","Duncan PLC","Kanemouth",67,"Ghana","8639254513"
17144,"Daniel","Cobb","Richardson-Woodward","Haynesmouth",24,"Anguilla","5718700451"
18334,"Cristian","Ball","Evans, Mahoney and Campbell","Port Larryshire",77,"Nauru","5809902345"
18501,"Francis","Goodman","Ortiz-Morgan","Lake Thomas",44,"Afghanistan","5871602300"
15514,"Dylan","Boyer","Little, Stanley and Mcbride","New Bradybury",21,"Anguilla","8913963341"
15846,"Olivia","Cooke","Norton and Sons","New Andrea",42,"Cayman Islands","8457877345"
20526,"Dana","Cohen","Bridges-Moyer","Port Gavin",54,"Andorra","5704570257"
15527,"Megan","Mills","Hale, Elliott and Richard","Conradport",29,"Montenegro","7818236859"
20163,"Daniel","Hurst","Cooper LLC","Livingstonview",57,"Malaysia","8871467460"
19551,"Danielle","Compton","Estrada Inc","Hamiltonton",75,"Comoros","9789537372"
19404,"Mitchell","Mack","Ferguson, Osborne and Lawrence","Lake Brooke",29,"Colombia","8951345440"
17665,"Jessica","Mcknight","Walls, Fitzgerald and Hill","Jimmouth",51,"New Zealand","6914951845"
18155,"Tyrone","Marshall","Moran, Walker and Riley","Nortonfort",41,"Togo","6179925191"
17778,"Greg","Allen","Cervantes, Fuentes and Cunningham","North Sheilaland",57,"Greenland","8062822043"
15388,"Jill","Schultz","Cantrell-Zimmerman","East Johnathanbury",69,"Serbia","6172344190"
18908,"Noah","Hall","Gould-Bird","Ninaton",30,"Portugal","8163645361"
19983,"Wendy","Melendez","Knox, Cervantes and Thomas","Jeffreybury",50,"Macao","6865694133"
17603,"Guy","Rush","White Ltd","Collinsland",28,"American Samoa","6998040968"
15839,"Monica","Joyce","Pham, Murphy and Watson","Howardville",60,"Burundi","5879355124"
16992,"Lauren","Garcia","Frye, Pacheco and Bowen","Kiarachester",63,"Thailand","7511774516"
19572,"Louis","Norris","Yates-Edwards","Hayleybury",48,"Saint Barthelemy","7778018996"
19528,"Shelly","Rasmussen","Hooper Group","Lake Marvin",52,"Netherlands Antilles","6290486670"
20838,"Dave","Espinoza","Sampson-Horne","Jonesshire",71,"Saint Kitts and Nevis","6261758501"
16446,"Beverly","Mayo","Ayala Group","East Alejandraland",39,"Holy See ","8414606795"
18838,"Larry","Key","Riley Group","Mcdonaldchester",52,"Guinea","9724676649"
16213,"Jennifer","Mcguire","Rangel Ltd","Cameronfurt",30,"Burkina Faso","7003002822"
17986,"Olivia","Mills","Chase, Ibarra and Gentry","South Christina",63,"Ethiopia","8621606782"
16945,"Loretta","Simon","Mcdowell, Lester and Michael","Palmerport",48,"Pitcairn Islands","6533252265"
16757,"Janet","Stevens","Delgado, Nixon and Nielsen","Perkinshaven",21,"Mozambique","8462027111"
15104,"Laurie","Hutchinson","Cardenas-Lee","New Frankborough",22,"Togo","7257122341"
18083,"Shelly","Green","Rose-Mccarthy","New Seanmouth",70,"Jordan","5874170921"
18337,"Curtis","Marsh","Hood and Sons","West Jeanette",74,"Indonesia","5714930497"
17030,"Molly","Prince","Chandler, Marsh and Vaughn","East Mary",34,"United States of America","5800991777"
15739,"Jaclyn","Mcmillan","Rojas-Floyd","Port Brentside",21,"Portugal","6450640067"
19080,"Alejandra","Harding","Hobbs-Whitney","East Courtney",68,"Northern Mariana Islands","5862298340"
16005,"Angie","Salas","Downs and Sons","Lake Dwayne",26,"Mauritania","8768860359"
18927,"Krystal","English","Singleton-Soto","East Mark",49,"Philippines","7913321871"
18024,"Jenny","Chase","Carey LLC","Beverlymouth",51,"Tanzania","6515419554"
18240,"Erika","Collier","Boyd, Sweeney and Gilmore","North Dylan",50,"Tajikistan","5627921053"
15749,"Anthony","Meza","Gamble Inc","New Sheriborough",25,"Martinique","5777146804"
15797,"Alice","Choi","Reese-Suarez","Hollyside",66,"Sri Lanka","9186658815"
18185,"Malik","Marks","Horne Ltd","Atkinsonberg",55,"South Georgia ","7761758766"
17598,"Ruth","Jensen","Villarreal, Waller and Kerr","Glenmouth",23,"Montenegro","8935179173"
17084,"Jack","Boone","Whitaker-Stewart","South Tammyfurt",49,"Chad","6420761151"
19356,"Charlene","Zamora","Henry-Bender","Marthaland",28,"Heard Island ","5798327426"
18913,"Jorge","Mcgrath","Patterson PLC","Estradahaven",72,"Bolivia","9574408723"
20738,"Tricia","Harris","Mcguire Inc","Lake Terri",78,"Sierra Leone","8054887749"
18887,"Tyrone","Nolan","Myers Ltd","New Brett",25,"Indonesia","6952334716"
16048,"Arthur","Pugh","Hahn, Nichols and Cortez","Collinton",38,"San Marino","9130060740"
16341,"Kristie","Oconnor","Freeman Group","South Laurenberg",22,"Northern Mariana Islands","9929033694"
15637,"Albert","Acosta","Greene, Ruiz and Mora","North Jacquelineville",35,"Fiji","8274353990"
17591,"Erin","Deleon","Weaver LLC","Charleneland",49,"Holy See","9451505492"
16917,"Jasmine","Robles","Kent-Sharp","East Normaview",73,"Antigua and Barbuda","8057810475"
15380,"Kendra","Zamora","Perez LLC","Bensonmouth",30,"Lao People's Democratic Republic","7163069810"
20643,"Dakota","Salas","Greene Group","Coleburgh",62,"Cook Islands","8618542854"
17835,"Jimmy","Wang","Bentley and Sons","Doughertyfurt",31,"Russian Federation","9644794170"
18513,"Lisa","Yates","Blair Group","Valeriehaven",31,"United States Minor ","9803335411"
18393,"Collin","White","Silva-Walters","Chenton",58,"Bangladesh","6363556440"
18073,"Brittney","Horn","Wall Inc","South Michael",45,"Iraq","6028193520"
15199,"Maureen","Hurst","Reilly-Monroe","Mosesberg",60,"Mongolia","6347136847"
18029,"Cynthia","Greene","Choi Ltd","Hancockchester",68,"Ghana","6179218771"
15067,"Maureen","Rivers","Patrick Inc","Maxwellborough",27,"Guyana","6263938976"
19567,"Garrett","Villa","Meadows, Lowe and Brennan","Calebbury",48,"American Samoa","9690196317"
19950,"Bill","Richards","Grant Inc","South Shellyview",64,"Liechtenstein","5762170190"
18783,"Kiara","Moon","Olsen-Morse","Hesterburgh",43,"American Samoa","8030180642"
15732,"Colin","Kaufman","Myers Group","Aaronfort",28,"Isle of Man","9611123332"
20066,"Evan","Marsh","Orozco, Valenzuela and Warren","Lake Darrellshire",43,"Philippines","5696862106"
17736,"Kristie","Rice","Harper Ltd","East Leslie",26,"Guinea","9241658490"
16014,"Diana","Monroe","Bass-Wilson","Lake Jacksonmouth",62,"Guatemala","7272850865"
19500,"Jerry","Morales","Pratt-King","South Dominiquemouth",69,"Georgia","7147190714"
16493,"Tracie","Floyd","Holt, Wilson and Shields","East Chloeshire",24,"Solomon Islands","9939343502"
17987,"Paul","Barnes","Brown, Oliver and Haynes","South Shane",21,"Finland","8455989152"
17701,"Dominic","Duran","Durham LLC","East Wendy",76,"British Indian Ocean Territory ","6941348983"
